[{"id":27761,"name":"Broken rowboat","type":10,"category":0,"actions":[],"coordinates":[[698,35830]],"size":[4,5,101],"rotations":[2],"colors":[7639457,6525088,7244184,4288637,8429745,8158597,2579065]},{"id":11363,"name":"Clay rocks","type":10,"category":201,"actions":["Mine"],"coordinates":[[732,35802]],"size":[1,1,89],"rotations":[0],"colors":[7039858,65536]},{"id":11362,"name":"Clay rocks","type":10,"category":201,"actions":["Mine"],"coordinates":[[736,35798]],"size":[1,1,84],"rotations":[0],"colors":[7039858,65536]},{"id":11372,"name":"Mithril rocks","type":10,"category":252,"actions":["Mine"],"coordinates":[[740,35810],[764,35798]],"size":[1,1,84],"rotations":[0,0],"colors":[7039858,65536]},{"id":11374,"name":"Adamantite rocks","type":10,"category":197,"actions":["Mine"],"coordinates":[[744,35794],[756,35810]],"size":[1,1,84],"rotations":[0,0],"colors":[7039858,65536]},{"id":11373,"name":"Mithril rocks","type":10,"category":252,"actions":["Mine"],"coordinates":[[748,35814],[756,35786],[760,35802]],"size":[1,1,89],"rotations":[0,0,0],"colors":[7039858,65536]},{"id":11375,"name":"Adamantite rocks","type":10,"category":197,"actions":["Mine"],"coordinates":[[748,35790],[752,35802]],"size":[1,1,89],"rotations":[0,0],"colors":[7039858,65536]},{"id":10822,"name":"Yew tree","type":10,"category":288,"actions":["Chop down"],"coordinates":[[756,35646]],"size":[3,3,470],"rotations":[0],"colors":[4946320,4419840]},{"id":10820,"name":"Oak tree","type":10,"category":279,"actions":["Chop down"],"coordinates":[[760,35666],[768,35722]],"size":[3,3,435],"rotations":[0,0],"colors":[4017253,4419840]}]