[{"id":56718,"name":"Log balance","type":22,"category":2204,"actions":["Walk-across"],"coordinates":[[1112,12838],[1124,12838]],"size":[1,1,128],"rotations":[0,0],"colors":[65536,65536]},{"id":56719,"name":"Log balance","type":22,"category":0,"actions":[],"coordinates":[[1116,12838],[1120,12838]],"size":[1,1,128],"rotations":[0,0],"colors":[65536,65536]},{"id":56717,"name":"Stepping stone","type":22,"category":2203,"actions":["Cross"],"coordinates":[[1164,12918]],"size":[1,1,132],"rotations":[0],"colors":[1071980,1068642,2582393,15592682,65536]},{"id":56664,"name":"Staircase","type":10,"category":2197,"actions":["Climb-up"],"coordinates":[[1232,12960],[1246,12986]],"size":[2,3,256],"rotations":[1,2],"colors":[8952996,9743026,8097429]},{"id":56663,"name":"Staircase","type":10,"category":2196,"actions":["Climb-down"],"coordinates":[[1234,12960]],"size":[2,2,128],"rotations":[0],"colors":[65536,65536]}]