[{"id":57534,"name":"Rock","type":10,"category":0,"actions":[],"coordinates":[[1040,38430],[1120,38430]],"size":[1,1,81],"rotations":[0,0],"colors":[5930574,5139811,4023641,5868105,7383898]},{"id":57537,"name":"Rock","type":10,"category":0,"actions":[],"coordinates":[[1044,38414]],"size":[1,1,87],"rotations":[0],"colors":[5144162,5139811,4819557,4023641,4028272,5026445]},{"id":50939,"name":"Fern","type":10,"category":0,"actions":[],"coordinates":[[1094,38424]],"size":[2,2,103],"rotations":[0],"colors":[2802720]},{"id":57527,"name":"Tree stump","type":10,"category":0,"actions":[],"coordinates":[[1096,38414],[1144,38402]],"size":[1,1,108],"rotations":[0,0],"colors":[4291948,2971980,5869437,5546635,5671289,5137790,4828553,4023641,4028272,5139811,5144162]},{"id":10829,"name":"Willow tree","type":10,"category":286,"actions":["Chop down"],"coordinates":[[1166,38572]],"size":[2,2,354],"rotations":[0],"colors":[4224149,13004800]},{"id":10819,"name":"Willow tree","type":10,"category":286,"actions":["Chop down"],"coordinates":[[1174,38596],[1178,38560]],"size":[2,2,323],"rotations":[0,0],"colors":[5142142,13004800]},{"id":1393,"name":"Plant","type":10,"category":0,"actions":[],"coordinates":[[1172,38562],[1208,38526],[1240,38574],[1252,38506]],"size":[1,1,133],"rotations":[0,0,0,0],"colors":[11185077,7039858,10000803,9145493,8684685,8158597]},{"id":1278,"name":"Tree","type":10,"category":189,"actions":["Chop down"],"coordinates":[[1178,38604],[1230,38584],[1266,38536]],"size":[2,2,372],"rotations":[0,0,0],"colors":[4419840,4017253]},{"id":1394,"name":"Plant","type":10,"category":0,"actions":[],"coordinates":[[1182,38596],[1238,38588]],"size":[2,2,142],"rotations":[0,0],"colors":[9145493,11185077,10000803]},{"id":10834,"name":"Magic tree","type":10,"category":290,"actions":["Chop down"],"coordinates":[[1186,38540],[1198,38528],[1214,38528]],"size":[2,2,450],"rotations":[0,0,0],"colors":[15818752,4419840,5669001]},{"id":1391,"name":"Plant","type":10,"category":0,"actions":[],"coordinates":[[1186,38532],[1238,38640],[1238,38580],[1250,38536]],"size":[2,2,97],"rotations":[0,0,0,0],"colors":[9145493,8684685,11185077,10000803]},{"id":53188,"name":"Tree","type":10,"category":189,"actions":["Chop down"],"coordinates":[[1194,38624]],"size":[2,2,363],"rotations":[0],"colors":[9145493,11185077,10000803]},{"id":51792,"name":"Rockslide","type":10,"category":0,"actions":[],"coordinates":[[1206,38644],[1226,38612],[1242,38560],[1258,38636],[1266,38620],[1266,38548],[1274,38544]],"size":[2,2,43],"rotations":[0,0,0,0,0,0,0],"colors":[5540258]},{"id":51790,"name":"Rockslide","type":10,"category":0,"actions":[],"coordinates":[[1214,38644]],"size":[2,2,87],"rotations":[0],"colors":[5540258]},{"id":51793,"name":"Rockslide","type":10,"category":0,"actions":[],"coordinates":[[1214,38636],[1234,38568]],"size":[2,2,43],"rotations":[0,0],"colors":[5540258]},{"id":1276,"name":"Tree","type":10,"category":189,"actions":["Chop down"],"coordinates":[[1218,38604],[1246,38504],[1258,38544]],"size":[2,2,290],"rotations":[0,0,0],"colors":[4017253,4419840]},{"id":10820,"name":"Oak tree","type":10,"category":279,"actions":["Chop down"],"coordinates":[[1224,38618],[1232,38554],[1244,38546]],"size":[3,3,435],"rotations":[0,0,0],"colors":[4017253,4419840]},{"id":1392,"name":"Plant","type":10,"category":0,"actions":[],"coordinates":[[1226,38628]],"size":[2,2,143],"rotations":[0],"colors":[9145493,8684685,8158597,11185077,10000803]},{"id":52449,"name":"Cypress Tree","type":10,"category":0,"actions":[],"coordinates":[[1230,38648],[1250,38608],[1254,38584],[1258,38652]],"size":[2,2,463],"rotations":[0,0,0,0],"colors":[4028272,4291957,3895653,7048596,6453128,4941176]},{"id":51788,"name":"Roots","type":10,"category":0,"actions":[],"coordinates":[[1228,38618]],"size":[1,1,73],"rotations":[0],"colors":[1068652]},{"id":51787,"name":"Roots","type":10,"category":0,"actions":[],"coordinates":[[1228,38598]],"size":[1,1,81],"rotations":[0],"colors":[1068652]},{"id":51791,"name":"Rockslide","type":10,"category":0,"actions":[],"coordinates":[[1242,38568]],"size":[2,2,87],"rotations":[0],"colors":[5540258]},{"id":51789,"name":"Roots","type":10,"category":0,"actions":[],"coordinates":[[1240,38554]],"size":[1,1,75],"rotations":[0],"colors":[1068652]},{"id":1279,"name":"Tree","type":10,"category":189,"actions":["Chop down"],"coordinates":[[1242,38512]],"size":[2,2,372],"rotations":[0],"colors":[4419840,4017253]},{"id":51762,"name":"Tree","type":10,"category":189,"actions":["Chop down"],"coordinates":[[1266,38544]],"size":[2,2,363],"rotations":[0],"colors":[9145493,11185077,10000803]},{"id":51833,"name":"Scarecrow","type":11,"category":0,"actions":[],"coordinates":[[1268,38590]],"size":[1,1,276],"rotations":[0],"colors":[10978135,5140094,10213342,9071945,4028048,6133168,7579577,65536,8044229]}]