[{"id":1325,"name":"Roots","type":10,"category":0,"actions":[],"coordinates":[[1040,10626],[1140,10614],[1244,10562]],"size":[1,1,75],"rotations":[0,0,0],"colors":[1068652]},{"id":666,"name":"Corpse","type":10,"category":0,"actions":[],"coordinates":[[1040,10600]],"size":[2,1,56],"rotations":[3],"colors":[14474976,11185077]},{"id":10785,"name":"Rock","type":10,"category":0,"actions":[],"coordinates":[[1048,10630],[1112,10658],[1180,10650],[1216,10610]],"size":[1,1,56],"rotations":[0,0,0,0],"colors":[5540258]},{"id":14020,"name":"Bones","type":10,"category":0,"actions":[],"coordinates":[[1048,10582]],"size":[1,1,44],"rotations":[0],"colors":[14474976]},{"id":653,"name":"null","type":22,"category":1684,"actions":[],"coordinates":[[1052,10622],[1112,10586],[1116,10566],[1128,10634],[1184,10622],[1204,10634],[1212,10562]],"size":[1,1,2],"rotations":[0,0,0,0,0,0,0],"colors":[1451916]},{"id":652,"name":"null","type":22,"category":1684,"actions":[],"coordinates":[[1060,10594],[1088,10606],[1104,10554],[1132,10570],[1152,10550],[1168,10562],[1172,10586],[1224,10578]],"size":[1,1,2],"rotations":[0,0,0,0,0,0,0,0],"colors":[1451916]},{"id":11425,"name":"Mossy rock","type":10,"category":0,"actions":[],"coordinates":[[1068,10582],[1140,10542],[1152,10638],[1164,10594],[1188,10650],[1192,10558]],"size":[1,1,53],"rotations":[0,0,0,0,0,0],"colors":[6178560,6782064]},{"id":1366,"name":"Roots","type":10,"category":0,"actions":[],"coordinates":[[1072,10582],[1104,10598],[1116,10658],[1184,10586],[1224,10586]],"size":[1,1,81],"rotations":[0,0,0,0,0],"colors":[1068652]},{"id":1324,"name":"Roots","type":10,"category":0,"actions":[],"coordinates":[[1076,10630]],"size":[1,1,73],"rotations":[0],"colors":[1068652]},{"id":10783,"name":"Rock","type":10,"category":0,"actions":[],"coordinates":[[1080,10630],[1168,10618],[1224,10538]],"size":[1,1,65],"rotations":[0,0,0],"colors":[5540258]},{"id":667,"name":"Corpse","type":10,"category":0,"actions":[],"coordinates":[[1088,10608]],"size":[2,1,99],"rotations":[3],"colors":[7566202,10790320,14474976]},{"id":30384,"name":"Crevice","type":0,"category":0,"actions":["Squeeze-through"],"coordinates":[[1088,10594],[1184,10566]],"size":[1,1,240],"rotations":[0,0],"colors":[8294809,7834257,7241862,6780540,5730424,5137773,5139565,4023141,2971481,65536]},{"id":30385,"name":"Crevice","type":0,"category":0,"actions":["Squeeze-through"],"coordinates":[[1096,10594],[1192,10566]],"size":[1,1,240],"rotations":[0,0],"colors":[8294809,7834257,7241862,6780540,5730424,5137773,5139565,4023141,2971481,65536]},{"id":1364,"name":"Roots","type":10,"category":0,"actions":[],"coordinates":[[1100,10570]],"size":[3,3,152],"rotations":[0],"colors":[1068652]},{"id":654,"name":"null","type":22,"category":1684,"actions":[],"coordinates":[[1100,10558],[1116,10654],[1116,10598],[1160,10578]],"size":[1,1,2],"rotations":[0,0,0,0],"colors":[1451916]},{"id":29978,"name":"Fallen soldier","type":10,"category":0,"actions":[],"coordinates":[[1102,10556]],"size":[2,2,52],"rotations":[0],"colors":[2763309,13096922,1780378,7039858,65536,4934480,1450884,4013377,10790320]},{"id":20781,"name":"Skeleton","type":10,"category":0,"actions":[],"coordinates":[[1104,10644]],"size":[2,1,56],"rotations":[3],"colors":[14474976,11185077]},{"id":1367,"name":"Roots","type":10,"category":0,"actions":[],"coordinates":[[1104,10622],[1176,10550],[1184,10650],[1228,10538]],"size":[1,1,73],"rotations":[0,0,0,0],"colors":[1068652]},{"id":10782,"name":"Rock","type":10,"category":0,"actions":[],"coordinates":[[1108,10614],[1196,10602],[1216,10586]],"size":[1,1,54],"rotations":[0,0,0],"colors":[5540258]},{"id":29984,"name":"Lizardman corpse","type":10,"category":0,"actions":[],"coordinates":[[1114,10598],[1168,10640]],"size":[1,2,96],"rotations":[1,0],"colors":[1465740,11185077,1781932,10790320,10145987,9554620,10671303,9290678,2122692,8895664,13559781,13100002,7838117,14740201,8170914,8562613]},{"id":1368,"name":"Roots","type":10,"category":0,"actions":[],"coordinates":[[1116,10538],[1152,10590],[1216,10614]],"size":[1,1,75],"rotations":[0,0,0],"colors":[1068652]},{"id":30382,"name":"Crevice","type":0,"category":0,"actions":["Squeeze-through"],"coordinates":[[1124,10614],[1176,10602]],"size":[1,1,240],"rotations":[0,0],"colors":[8294809,7834257,7241862,6780540,5730424,5137773,5139565,4023141,2971481,65536]},{"id":30383,"name":"Crevice","type":0,"category":0,"actions":["Squeeze-through"],"coordinates":[[1124,10606],[1176,10594]],"size":[1,1,240],"rotations":[0,0],"colors":[8294809,7834257,7241862,6780540,5730424,5137773,5139565,4023141,2971481,65536]},{"id":11424,"name":"Mossy rock","type":10,"category":0,"actions":[],"coordinates":[[1126,10580],[1158,10564]],"size":[2,2,70],"rotations":[0,0],"colors":[6178560,6782064]},{"id":30381,"name":"Crevice","type":0,"category":0,"actions":["Squeeze-through"],"coordinates":[[1124,10534]],"size":[1,1,240],"rotations":[0],"colors":[8294809,7834257,7241862,6780540,5730424,5137773,5139565,4023141,2971481,65536]},{"id":29897,"name":"Fallen soldier","type":10,"category":0,"actions":[],"coordinates":[[1134,10568]],"size":[2,2,32],"rotations":[0],"colors":[2763309,13096922,1780378,7039858,65536,4934480,1450884,4013377]},{"id":12245,"name":"Skeleton","type":10,"category":0,"actions":[],"coordinates":[[1142,10658]],"size":[2,1,56],"rotations":[0],"colors":[14474976,11185077]},{"id":29977,"name":"Fallen soldier","type":10,"category":0,"actions":[],"coordinates":[[1142,10592],[1150,10548]],"size":[2,2,54],"rotations":[0,0],"colors":[2763309,13096922,1780378,7039858,65536,4934480,1450884,4013377]},{"id":10784,"name":"Rock","type":10,"category":0,"actions":[],"coordinates":[[1144,10614],[1244,10558]],"size":[1,1,96],"rotations":[0,0],"colors":[5540258]},{"id":12246,"name":"Skeleton","type":10,"category":0,"actions":[],"coordinates":[[1152,10634]],"size":[1,1,67],"rotations":[0],"colors":[14474976]},{"id":665,"name":"Corpse","type":10,"category":0,"actions":[],"coordinates":[[1160,10542],[1192,10602]],"size":[1,1,99],"rotations":[0,0],"colors":[14474976]},{"id":29983,"name":"Lizardman corpse","type":10,"category":0,"actions":[],"coordinates":[[1172,10562]],"size":[1,1,181],"rotations":[0],"colors":[10145987,2122692,10671303,9290678,9554620,8895664,13559781,7838117,13100002,14740201,8170914,8562613,3006971,1465740,11185077,1781932,10790320]},{"id":664,"name":"Corpse","type":10,"category":0,"actions":[],"coordinates":[[1204,10538]],"size":[1,1,67],"rotations":[0],"colors":[14474976]},{"id":14019,"name":"Bones","type":10,"category":0,"actions":[],"coordinates":[[1216,10634]],"size":[1,1,25],"rotations":[0],"colors":[14474976]}]