[{"id":56808,"name":"Debris","type":10,"category":0,"actions":[],"coordinates":[[1028,12646],[1068,12654],[1092,12690],[1096,12618]],"size":[1,1,46],"rotations":[0,0,0,0],"colors":[8154727,9535607]},{"id":56709,"name":"Brazier","type":10,"category":2201,"actions":[],"coordinates":[[1032,12658],[1032,12634],[1048,12678],[1048,12614],[1060,12690],[1060,12602],[1088,12690],[1088,12602]],"size":[1,1,243],"rotations":[0,0,0,0,0,0,0,0],"colors":[9535607,11048075,7440797,6715533,6381927,8154727,10587780,8812142]},{"id":56690,"name":"null","type":10,"category":0,"actions":["Inspect"],"coordinates":[[1036,12646]],"size":[3,3,0],"rotations":[0],"colors":[]},{"id":56693,"name":"null","type":10,"category":2200,"actions":[],"coordinates":[[1038,12664],[1046,12620],[1070,12668],[1070,12624],[1074,12688],[1082,12604],[1102,12680]],"size":[2,2,0],"rotations":[0,0,0,0,0,0,0],"colors":[]},{"id":56789,"name":"Hammer","type":11,"category":0,"actions":[],"coordinates":[[1036,12630]],"size":[1,1,27],"rotations":[0],"colors":[2780551,5540258,7637409,8164269,4934480,6712428,9408664]},{"id":56809,"name":"Debris","type":10,"category":0,"actions":[],"coordinates":[[1068,12650],[1100,12686],[1100,12618]],"size":[1,1,27],"rotations":[0,0,0],"colors":[9535607]},{"id":56810,"name":"Debris","type":10,"category":0,"actions":[],"coordinates":[[1068,12638]],"size":[1,1,55],"rotations":[0],"colors":[9535607]},{"id":1367,"name":"Roots","type":10,"category":0,"actions":[],"coordinates":[[1072,12646],[1116,12634]],"size":[1,1,73],"rotations":[0,0],"colors":[1068652]},{"id":684,"name":"Swamp bubbles","type":10,"category":0,"actions":["Suck"],"coordinates":[[1076,12646],[1092,12626],[1096,12666],[1108,12654],[1112,12634]],"size":[1,1,8],"rotations":[0,0,0,0,0],"colors":[6518859,65536]},{"id":56790,"name":"Hammer","type":10,"category":0,"actions":[],"coordinates":[[1076,12602],[1084,12690]],"size":[1,1,114],"rotations":[0,0],"colors":[2780551,5540258,7637409,8164269,4934480,6712428,9408664]},{"id":1366,"name":"Roots","type":10,"category":0,"actions":[],"coordinates":[[1080,12658],[1100,12622],[1116,12654]],"size":[1,1,81],"rotations":[0,0,0],"colors":[1068652]},{"id":1368,"name":"Roots","type":10,"category":0,"actions":[],"coordinates":[[1080,12630],[1084,12642],[1108,12662],[1112,12642]],"size":[1,1,75],"rotations":[0,0,0,0],"colors":[1068652]},{"id":56716,"name":"Rope","type":10,"category":2202,"actions":["Climb"],"coordinates":[[1116,12790]],"size":[1,1,94],"rotations":[0],"colors":[2965593,2768976,65536,2969177,4020837,9741490,6390171,7835813]},{"id":56715,"name":"Rope","type":10,"category":2202,"actions":["Climb"],"coordinates":[[1120,12790]],"size":[1,1,451],"rotations":[0],"colors":[9741490]},{"id":56713,"name":"Rope","type":10,"category":2202,"actions":["Climb"],"coordinates":[[1136,12750]],"size":[1,1,512],"rotations":[0],"colors":[9741490]},{"id":56711,"name":"Rope","type":10,"category":2202,"actions":["Climb"],"coordinates":[[1164,12750]],"size":[1,1,512],"rotations":[0],"colors":[9741490]},{"id":56682,"name":"null","type":10,"category":2199,"actions":["Search"],"coordinates":[[1192,12638],[1196,12634],[1204,12614],[1212,12674],[1232,12682],[1236,12618],[1252,12662],[1252,12634],[1256,12638]],"size":[1,1,0],"rotations":[0,0,0,0,0,0,0,0,0],"colors":[]},{"id":33459,"name":"null","type":22,"category":1678,"actions":[],"coordinates":[[1220,12650],[1220,12642],[1228,12650],[1228,12642]],"size":[1,1,1],"rotations":[0,0,0,0],"colors":[65536]},{"id":56679,"name":"null","type":10,"category":0,"actions":["Inspect"],"coordinates":[[1224,12646]],"size":[3,3,0],"rotations":[0],"colors":[]},{"id":33463,"name":"null","type":22,"category":1678,"actions":[],"coordinates":[[1220,12646],[1224,12650],[1224,12642],[1228,12646]],"size":[1,1,1],"rotations":[0,0,0,0],"colors":[65536]},{"id":33461,"name":"null","type":22,"category":1678,"actions":[],"coordinates":[[1224,12646]],"size":[1,1,1],"rotations":[0],"colors":[65536]}]