[{"id":1282,"name":"Dead tree","type":10,"category":189,"actions":["Chop down"],"coordinates":[[4134,35708],[4134,35672],[4150,35712],[4150,35636],[4158,35664],[4158,35628],[4238,35780],[4258,35696],[4266,35736],[4278,35776],[4282,35668],[4298,35720]],"size":[2,2,521],"rotations":[0,0,0,0,0,0,0,0,0,0,0,0],"colors":[7122329,6396809,8434380,6990537]},{"id":14473,"name":"Cage","type":11,"category":0,"actions":[],"coordinates":[[4136,35702]],"size":[1,1,521],"rotations":[0],"colors":[7122329,6396809,8434380,6990537]},{"id":34935,"name":"Dead tree","type":10,"category":0,"actions":[],"coordinates":[[4136,35686],[4140,35670],[4148,35642],[4152,35630],[4156,35658],[4160,35670],[4160,35622],[4232,35774],[4240,35726],[4264,35694],[4272,35742],[4276,35666],[4288,35762],[4288,35670],[4292,35718],[4304,35714],[4312,35686]],"size":[1,1,521],"rotations":[0,0,0,0,0,0,0,0,0,0,0,0,0,0,0,0,0],"colors":[7122329,6396809,8434380,6990537]},{"id":8954,"name":"Flag","type":11,"category":0,"actions":[],"coordinates":[[4140,35710],[4152,35626],[4180,35682],[4232,35778],[4260,35690],[4288,35758],[4316,35710]],"size":[1,1,521],"rotations":[0,0,0,0,0,0,0],"colors":[7122329,6396809,8434380,6990537]},{"id":58656,"name":"Anvil space","type":10,"category":0,"actions":["Build","Inspect"],"coordinates":[[4140,35698]],"size":[1,1,521],"rotations":[0],"colors":[7122329,6396809,8434380,6990537]},{"id":58660,"name":"Furnace space","type":10,"category":0,"actions":["Build","Inspect"],"coordinates":[[4156,35694]],"size":[3,3,521],"rotations":[0],"colors":[7122329,6396809,8434380,6990537]},{"id":39681,"name":"Bush","type":10,"category":0,"actions":[],"coordinates":[[4184,35680],[4198,35698],[4268,35684],[4282,35710],[4298,35710]],"size":[1,2,521],"rotations":[2,1,2,1,1],"colors":[7122329,6396809,8434380,6990537]},{"id":11775,"name":"Door","type":0,"category":167,"actions":["Open"],"coordinates":[[4188,35686],[4276,35690],[4304,35690]],"size":[1,1,521],"rotations":[0,0,0],"colors":[7122329,6396809,8434380,6990537]},{"id":14739,"name":"Crate","type":11,"category":0,"actions":[],"coordinates":[[4192,35678],[4272,35710],[4280,35706]],"size":[1,1,521],"rotations":[0,0,0],"colors":[7122329,6396809,8434380,6990537]},{"id":14735,"name":"Staircase","type":10,"category":0,"actions":["Climb-up"],"coordinates":[[4198,35688]],"size":[2,2,521],"rotations":[0],"colors":[7122329,6396809,8434380,6990537]},{"id":14763,"name":"Table","type":10,"category":169,"actions":[],"coordinates":[[4204,35690],[4308,35706]],"size":[1,1,521],"rotations":[0,0],"colors":[7122329,6396809,8434380,6990537]},{"id":60093,"name":"Ladder","type":10,"category":0,"actions":["Climb-down"],"coordinates":[[4204,35678]],"size":[1,1,521],"rotations":[0],"colors":[7122329,6396809,8434380,6990537]},{"id":14742,"name":"Crates","type":10,"category":0,"actions":[],"coordinates":[[4208,35686],[4276,35706]],"size":[1,1,521],"rotations":[0,0],"colors":[7122329,6396809,8434380,6990537]},{"id":59824,"name":"Buoy","type":10,"category":2339,"actions":["Dock"],"coordinates":[[4214,35640]],"size":[2,2,521],"rotations":[0],"colors":[7122329,6396809,8434380,6990537]},{"id":39680,"name":"Bush","type":10,"category":0,"actions":[],"coordinates":[[4222,35778],[4270,35754]],"size":[1,2,521],"rotations":[1,3],"colors":[7122329,6396809,8434380,6990537]},{"id":59834,"name":"Mooring point","type":11,"category":0,"actions":["Board","Board-previous","Board-friend"],"coordinates":[[4224,35670]],"size":[1,1,521],"rotations":[0],"colors":[7122329,6396809,8434380,6990537]},{"id":58658,"name":"Rowboat space","type":10,"category":0,"actions":["Build","Inspect"],"coordinates":[[4246,35666]],"size":[2,3,521],"rotations":[0],"colors":[7122329,6396809,8434380,6990537]},{"id":14764,"name":"Stool","type":10,"category":0,"actions":[],"coordinates":[[4272,35686],[4308,35702]],"size":[1,1,521],"rotations":[0,0],"colors":[7122329,6396809,8434380,6990537]},{"id":11794,"name":"Ladder","type":10,"category":664,"actions":["Climb-up"],"coordinates":[[4272,35674],[4308,35674]],"size":[1,1,521],"rotations":[0,0],"colors":[7122329,6396809,8434380,6990537]},{"id":59993,"name":"Lockbox","type":10,"category":0,"actions":["Open"],"coordinates":[[4276,35758]],"size":[1,1,521],"rotations":[0],"colors":[7122329,6396809,8434380,6990537]},{"id":60057,"name":"Sacks","type":10,"category":0,"actions":[],"coordinates":[[4280,35694]],"size":[1,1,521],"rotations":[0],"colors":[7122329,6396809,8434380,6990537]},{"id":1521,"name":"Large door","type":0,"category":0,"actions":["Open"],"coordinates":[[4288,35706]],"size":[1,1,521],"rotations":[0],"colors":[7122329,6396809,8434380,6990537]},{"id":14762,"name":"Table","type":10,"category":169,"actions":[],"coordinates":[[4290,35674]],"size":[1,2,521],"rotations":[3],"colors":[7122329,6396809,8434380,6990537]},{"id":1524,"name":"Large door","type":0,"category":0,"actions":["Open"],"coordinates":[[4292,35706]],"size":[1,1,521],"rotations":[0],"colors":[7122329,6396809,8434380,6990537]},{"id":58662,"name":"Bank chest space","type":10,"category":0,"actions":["Build","Inspect"],"coordinates":[[4292,35682]],"size":[1,1,521],"rotations":[0],"colors":[7122329,6396809,8434380,6990537]},{"id":60473,"name":"Pirate shipwreck","type":10,"category":2348,"actions":[],"coordinates":[[4298,35812],[4342,35752]],"size":[2,2,521],"rotations":[0,0],"colors":[7122329,6396809,8434380,6990537]},{"id":14740,"name":"Barrel","type":10,"category":0,"actions":[],"coordinates":[[4296,35698],[4300,35706],[4300,35686]],"size":[1,1,521],"rotations":[0,0,0],"colors":[7122329,6396809,8434380,6990537]},{"id":14479,"name":"Stocks","type":10,"category":0,"actions":[],"coordinates":[[4296,35670]],"size":[1,1,521],"rotations":[0],"colors":[7122329,6396809,8434380,6990537]}]