[{"id":1286,"name":"Dead tree","type":11,"category":189,"actions":["Chop down"],"coordinates":[[4420,30374],[4424,30310],[4428,30382],[4436,30370],[4452,30418],[4460,30418],[4464,30410],[4468,30370],[4492,30406],[4492,30334]],"size":[1,1,289],"rotations":[0,0,0,0,0,0,0,0,0,0],"colors":[1068652,1071989]},{"id":1289,"name":"Dead tree","type":11,"category":189,"actions":["Chop down"],"coordinates":[[4420,30362],[4424,30358],[4484,30414],[4492,30426],[4516,30410],[4520,30358]],"size":[1,1,289],"rotations":[0,0,0,0,0,0],"colors":[1068652,1071989]},{"id":3794,"name":"Grass","type":11,"category":0,"actions":[],"coordinates":[[4424,30378],[4428,30414],[4436,30366],[4456,30342],[4456,30322],[4460,30410],[4472,30386],[4476,30354],[4496,30402],[4520,30382]],"size":[1,1,103],"rotations":[0,0,0,0,0,0,0,0,0,0],"colors":[1812119,7042945,8294809,7635341,7045505]},{"id":1283,"name":"Dead tree","type":11,"category":189,"actions":["Chop down"],"coordinates":[[4430,30352],[4458,30344],[4470,30336],[4482,30348],[4498,30384],[4502,30372],[4502,30356],[4518,30348],[4522,30400],[4522,30364],[4522,30352]],"size":[2,2,510],"rotations":[0,0,0,0,0,0,0,0,0,0,0],"colors":[4214361,4020837]},{"id":1661,"name":"Bricks","type":10,"category":0,"actions":[],"coordinates":[[4432,30374],[4500,30398]],"size":[1,1,518],"rotations":[0,0],"colors":[6508032,8684685,7566202]},{"id":1282,"name":"Dead tree","type":11,"category":189,"actions":["Chop down"],"coordinates":[[4446,30400],[4454,30376],[4462,30396],[4482,30324],[4490,30344],[4498,30392]],"size":[2,2,510],"rotations":[0,0,0,0,0,0],"colors":[4214361,4020837]},{"id":1662,"name":"Bricks","type":11,"category":0,"actions":[],"coordinates":[[4444,30382],[4464,30402],[4488,30394],[4488,30390]],"size":[1,1,488],"rotations":[0,0,0,0],"colors":[6508032,8684685,7566202,9605787]},{"id":1284,"name":"Dead tree","type":11,"category":189,"actions":["Chop down"],"coordinates":[[4450,30352],[4470,30328],[4494,30360],[4506,30416]],"size":[2,2,510],"rotations":[0,0,0,0],"colors":[4214361,4020837]},{"id":4062,"name":"Shelf","type":4,"category":0,"actions":["Search"],"coordinates":[[4452,30402]],"size":[1,1,178],"rotations":[0],"colors":[15724012,6536631,7566202,10000803,12040385,1451916,4227477,1071980,15527919,1796768,15396333]},{"id":1089,"name":"Smashed chair","type":10,"category":0,"actions":[],"coordinates":[[4456,30410]],"size":[1,1,69],"rotations":[0],"colors":[2974350]},{"id":4064,"name":"Smashed table","type":10,"category":0,"actions":["Search"],"coordinates":[[4456,30406]],"size":[1,1,164],"rotations":[0],"colors":[13254912,2579065]},{"id":422,"name":"Bed","type":10,"category":0,"actions":[],"coordinates":[[4462,30366],[4476,30332]],"size":[1,2,22],"rotations":[1,0],"colors":[15856115,14212317,2578816]},{"id":1535,"name":"Door","type":9,"category":0,"actions":["Open"],"coordinates":[[4464,30358],[4480,30342],[4504,30362]],"size":[1,1,240],"rotations":[0,0,0],"colors":[3640494,1800346,4020837,6516344,3309728,1469331,3640494,1800346,4020837,6516344,3309728,1469331]},{"id":1365,"name":"Dead tree","type":11,"category":189,"actions":["Chop down"],"coordinates":[[4484,30430],[4492,30418],[4528,30414]],"size":[1,1,289],"rotations":[0,0,0],"colors":[1068652,1071989]},{"id":356,"name":"Crate","type":11,"category":0,"actions":["Search"],"coordinates":[[4484,30338]],"size":[1,1,80],"rotations":[0],"colors":[13254912]},{"id":1663,"name":"Bricks","type":10,"category":0,"actions":[],"coordinates":[[4500,30406]],"size":[1,1,518],"rotations":[0],"colors":[6508032,8684685,7566202]},{"id":4063,"name":"Sink","type":10,"category":175,"actions":[],"coordinates":[[4510,30366]],"size":[1,2,199],"rotations":[3],"colors":[13254912,13882329,11185077,2579065,15058176,9145493,16711422]},{"id":423,"name":"Bed","type":10,"category":0,"actions":[],"coordinates":[[4512,30356]],"size":[2,3,23],"rotations":[1],"colors":[11719642,15856115,14212317,2578816]},{"id":355,"name":"Crate","type":11,"category":0,"actions":["Search"],"coordinates":[[4516,30366]],"size":[1,1,160],"rotations":[0],"colors":[13254912]},{"id":1088,"name":"Chair","type":11,"category":0,"actions":[],"coordinates":[[4516,30362]],"size":[1,1,144],"rotations":[0],"colors":[2974350,2778759]}]