[{"id":29496,"name":"Fairy ring","type":10,"category":0,"actions":["Zanaris","Configure","Last-destination (AIP)"],"coordinates":[[4504,38150]],"size":[1,1,521],"rotations":[0],"colors":[7122329,6396809,8434380,6990537]},{"id":6708,"name":"Small rock","type":10,"category":0,"actions":[],"coordinates":[[4524,38146]],"size":[1,1,521],"rotations":[0],"colors":[7122329,6396809,8434380,6990537]},{"id":6707,"name":"Rock","type":10,"category":0,"actions":[],"coordinates":[[4534,38148]],"size":[2,2,521],"rotations":[0],"colors":[7122329,6396809,8434380,6990537]},{"id":59331,"name":"Poison spill","type":10,"category":2317,"actions":["Chart"],"coordinates":[[4570,38304]],"size":[4,4,521],"rotations":[0],"colors":[7122329,6396809,8434380,6990537]},{"id":3890,"name":"Tree","type":10,"category":0,"actions":[],"coordinates":[[4596,38174]],"size":[1,1,521],"rotations":[0],"colors":[7122329,6396809,8434380,6990537]}]