[{"id":16639,"name":"Windswept Tree","type":10,"category":0,"actions":[],"coordinates":[[4358,34628],[4382,34692],[4386,34616],[4562,34696]],"size":[2,2,456],"rotations":[0,0,0,0],"colors":[6717581,6454920,4944248,3893105,1068633,2775909]},{"id":16958,"name":"Row boat","type":10,"category":0,"actions":[],"coordinates":[[4388,34774]],"size":[3,3,120],"rotations":[0],"colors":[2135743,5142421,4026512,7115181,6720164,5538466,8158597,2579065]},{"id":16859,"name":"Hanging pirate","type":10,"category":529,"actions":[],"coordinates":[[4416,34706]],"size":[3,1,322],"rotations":[3],"colors":[14607072,10000803,7834257,6721700]},{"id":6472,"name":"Ice chunks","type":10,"category":0,"actions":[],"coordinates":[[4422,34688]],"size":[2,2,87],"rotations":[0],"colors":[15590885]},{"id":6474,"name":"Ice chunks","type":10,"category":0,"actions":[],"coordinates":[[4446,34676]],"size":[2,2,43],"rotations":[0],"colors":[15590885]},{"id":6475,"name":"Ice chunks","type":10,"category":0,"actions":[],"coordinates":[[4446,34656],[4526,34664]],"size":[2,2,43],"rotations":[0,0],"colors":[15590885]},{"id":16880,"name":"Cannonballs","type":10,"category":529,"actions":[],"coordinates":[[4448,34798],[4460,34770]],"size":[1,1,48],"rotations":[0,0],"colors":[7104102,5983051,6445915]},{"id":16879,"name":"Cannonballs","type":10,"category":529,"actions":[],"coordinates":[[4448,34794]],"size":[1,1,48],"rotations":[0],"colors":[5723997]},{"id":16884,"name":"Barrel","type":10,"category":529,"actions":["Take-from"],"coordinates":[[4452,34794],[4536,34674]],"size":[1,1,111],"rotations":[0,0],"colors":[6453128,4941176,7045524,5727096,5992062,5134957,7247998,7643526]},{"id":16863,"name":"Crate","type":10,"category":529,"actions":[],"coordinates":[[4452,34780],[4458,34786],[4466,34770],[4472,34776],[4476,34776]],"size":[2,1,238],"rotations":[1,0,0,1,1],"colors":[3764617,8034473,6523808,4946320,7639457,5996692]},{"id":16865,"name":"Crate","type":10,"category":529,"actions":[],"coordinates":[[4454,34774]],"size":[2,1,125],"rotations":[0],"colors":[3764617,8034473,6523808,4946320,7639457,5996692]},{"id":16872,"name":"Fish bits","type":10,"category":529,"actions":[],"coordinates":[[4452,34650],[4460,34662],[4464,34806]],"size":[1,1,10],"rotations":[0,0,0],"colors":[14935015,11185077,5990036,12896729,4937592]},{"id":16901,"name":"Lantern","type":4,"category":529,"actions":[],"coordinates":[[4456,34814],[4460,34794],[4460,34790],[4468,34794],[4468,34790],[4472,34814],[4472,34654]],"size":[1,1,224],"rotations":[0,0,0,0,0,0,0],"colors":[10000803,2785415,9145493,3013115,2996219,2308041]},{"id":16862,"name":"Crate","type":10,"category":529,"actions":[],"coordinates":[[4456,34782],[4464,34766]],"size":[1,1,237],"rotations":[0,0],"colors":[5137790,5664393]},{"id":16876,"name":"Barrel","type":10,"category":529,"actions":[],"coordinates":[[4456,34662],[4460,34658],[4468,34810],[4468,34806]],"size":[1,1,99],"rotations":[0,0,0,0],"colors":[7635341,6720164,5538466,5142421,2579065,9146517,4026512,14935015,11185077,9145493]},{"id":16877,"name":"Barrel","type":10,"category":529,"actions":[],"coordinates":[[4460,34810],[4464,34810],[4464,34774],[4468,34802],[4472,34790],[4476,34790],[4476,34782],[4480,34790]],"size":[1,1,99],"rotations":[0,0,0,0,0,0,0,0],"colors":[7635341,6720164,5538466,5142421,2579065,9146517,4026512]},{"id":16890,"name":"Chest","type":10,"category":529,"actions":[],"coordinates":[[4460,34766]],"size":[1,1,125],"rotations":[0],"colors":[10000803,8158597,13224400,11711164,7039858]},{"id":16892,"name":"null","type":5,"category":529,"actions":[],"coordinates":[[4460,34654]],"size":[1,1,235],"rotations":[0],"colors":[9145493,14474976,65536]},{"id":16946,"name":"Stairs","type":10,"category":529,"actions":["Climb"],"coordinates":[[4468,34786]],"size":[1,1,240],"rotations":[0],"colors":[6453128,8096149,5986891]},{"id":16860,"name":"Tar barrel","type":10,"category":529,"actions":["Take-from"],"coordinates":[[4468,34778]],"size":[1,1,48],"rotations":[0],"colors":[6453128,5727096,4941176,7045524,5134957,5992062,2964797]},{"id":16885,"name":"Barrel","type":10,"category":529,"actions":["Take-from"],"coordinates":[[4468,34774],[4472,34794]],"size":[1,1,111],"rotations":[0,0],"colors":[6453128,4941176,7045524,5727096,5992062,5134957,7247998,7643526]},{"id":16895,"name":"Chain","type":10,"category":529,"actions":[],"coordinates":[[4468,34650]],"size":[1,1,28],"rotations":[0],"colors":[8096149]},{"id":16878,"name":"Sack","type":10,"category":529,"actions":[],"coordinates":[[4472,34810],[4476,34810],[4476,34650],[4480,34810]],"size":[1,1,107],"rotations":[0,0,0,0],"colors":[4023671,8216832,6717581,5666697,5140094]},{"id":16871,"name":"Sack pile","type":10,"category":529,"actions":[],"coordinates":[[4472,34784]],"size":[2,1,64],"rotations":[3],"colors":[5137790,4812426,5664393,4812426,9485510,5664393,7239558,4937592,11185077]},{"id":16968,"name":"Shelf","type":5,"category":0,"actions":[],"coordinates":[[4472,34658]],"size":[1,1,184],"rotations":[0],"colors":[9224154,6395321,5140094]},{"id":14996,"name":"Ladder","type":10,"category":0,"actions":["Climb-down"],"coordinates":[[4472,34654]],"size":[1,1,47],"rotations":[0],"colors":[7241862,6780540,5730424,5137773,9150632,4020837,2969177]},{"id":16882,"name":"Barrel","type":10,"category":529,"actions":[],"coordinates":[[4478,34806],[4478,34802],[4478,34798],[4478,34794]],"size":[2,1,192],"rotations":[0,0,0,0],"colors":[6453128,4941176,7045524,2582393,5134957,5992062]},{"id":6267,"name":"Golden cage","type":10,"category":0,"actions":[],"coordinates":[[4476,34786]],"size":[1,1,237],"rotations":[0],"colors":[9605787,9608091]},{"id":6473,"name":"Ice chunks","type":10,"category":0,"actions":[],"coordinates":[[4486,34660]],"size":[2,2,87],"rotations":[0],"colors":[15590885]},{"id":16870,"name":"Sack pile","type":10,"category":529,"actions":[],"coordinates":[[4518,34662]],"size":[2,1,64],"rotations":[0],"colors":[5137790,4812426,5664393]},{"id":16867,"name":"Sack pile","type":10,"category":529,"actions":[],"coordinates":[[4520,34658]],"size":[1,1,64],"rotations":[0],"colors":[5137790,5664393,4812426]}]