[{"id":4007,"name":"Cave exit","type":10,"category":0,"actions":["Leave"],"coordinates":[[5154,11934]],"size":[3,2,240],"rotations":[3],"colors":[65536,4157,1054297,1059436,1463165,1468044]},{"id":3927,"name":"Protruding rocks","type":4,"category":0,"actions":["Climb"],"coordinates":[[5156,11806],[5156,11802],[5160,11806],[5160,11802],[5248,11806],[5248,11802],[5252,11806],[5252,11802],[5320,11858],[5320,11854],[5320,11806],[5320,11802],[5324,11858],[5324,11854],[5324,11806],[5324,11802]],"size":[1,1,221],"rotations":[0,0,0,0,0,0,0,0,0,0,0,0,0,0,0,0],"colors":[5540258]},{"id":12575,"name":"Stalagmite","type":10,"category":0,"actions":[],"coordinates":[[5172,11926],[5192,11938],[5200,11898],[5212,11910],[5240,11934],[5280,11906],[5284,11970],[5292,11962],[5296,11954],[5296,11934],[5300,11942],[5308,11934]],"size":[1,1,289],"rotations":[0,0,0,0,0,0,0,0,0,0,0,0],"colors":[3307680]},{"id":12576,"name":"Stalagmite","type":10,"category":0,"actions":[],"coordinates":[[5184,11946],[5196,11894],[5216,11950],[5248,11958],[5256,11902],[5288,11926],[5308,11930]],"size":[1,1,168],"rotations":[0,0,0,0,0,0,0],"colors":[3307680]},{"id":12583,"name":"Rockslide","type":10,"category":0,"actions":[],"coordinates":[[5186,11908],[5218,11928],[5262,11908]],"size":[2,2,87],"rotations":[0,0,0],"colors":[5540258]},{"id":12582,"name":"Rockslide","type":10,"category":0,"actions":[],"coordinates":[[5206,11916],[5234,11924]],"size":[2,2,87],"rotations":[0,0],"colors":[5540258]},{"id":11185,"name":"Column","type":10,"category":0,"actions":[],"coordinates":[[5242,11948],[5282,11964],[5290,11948]],"size":[2,2,720],"rotations":[0,0,0],"colors":[3307680]},{"id":11184,"name":"Column","type":10,"category":0,"actions":[],"coordinates":[[5246,11920],[5250,11964]],"size":[2,2,720],"rotations":[0,0],"colors":[3307680]},{"id":3918,"name":"Elven lamp","type":11,"category":0,"actions":[],"coordinates":[[5260,11950],[5260,11930],[5280,11950],[5280,11930]],"size":[1,1,216],"rotations":[0,0,0,0],"colors":[15987441,16119027,8561589]},{"id":4005,"name":"Well","type":10,"category":0,"actions":["Climb-down"],"coordinates":[[5270,11940]],"size":[2,2,716],"rotations":[0],"colors":[8561589,14539480,15724012,8891068,9147816,12829643,8687521,15987441]},{"id":4008,"name":"Altar","type":10,"category":0,"actions":["Pray-at"],"coordinates":[[5270,11914]],"size":[2,1,176],"rotations":[0],"colors":[10927559,2763309,2808821,2811121,4946320,16711422,9550794]},{"id":11186,"name":"Column","type":10,"category":0,"actions":[],"coordinates":[[5294,11928]],"size":[2,2,720],"rotations":[0],"colors":[3307680]}]