[{"id":14685,"name":"Bones","type":10,"category":0,"actions":[],"coordinates":[[8194,35044],[8198,34856]],"size":[2,2,65],"rotations":[0,0],"colors":[14474976]},{"id":14738,"name":"Tree","type":10,"category":0,"actions":[],"coordinates":[[8192,35030],[8192,34902],[8204,34934],[8216,35066],[8224,35038],[8240,34934],[8248,34906],[8256,35058],[8280,35042],[8284,34886],[8288,34922],[8308,34970],[8312,35018],[8312,34938],[8324,34966],[8340,34894],[8372,34922],[8376,35042],[8376,34954],[8380,35066],[8400,35022]],"size":[1,1,366],"rotations":[0,0,0,0,0,0,0,0,0,0,0,0,0,0,0,0,0,0,0,0,0],"colors":[4934747,65536,4210764,2960701]},{"id":14681,"name":"Bones","type":10,"category":0,"actions":[],"coordinates":[[8198,35056],[8298,34828]],"size":[2,2,60],"rotations":[0,0],"colors":[14474976]},{"id":14678,"name":"Bones","type":10,"category":0,"actions":[],"coordinates":[[8196,35050],[8200,35042],[8312,34846],[8404,34882]],"size":[1,1,44],"rotations":[0,0,0,0],"colors":[14474976]},{"id":14679,"name":"Bones","type":10,"category":0,"actions":[],"coordinates":[[8196,35030],[8200,35046],[8368,34858],[8412,34954]],"size":[1,1,30],"rotations":[0,0,0,0],"colors":[14474976]},{"id":14680,"name":"Bones","type":10,"category":0,"actions":[],"coordinates":[[8200,35050],[8200,35034],[8204,35030],[8412,34914],[8420,34994]],"size":[1,1,21],"rotations":[0,0,0,0,0],"colors":[14474976]},{"id":14676,"name":"Bones","type":10,"category":0,"actions":[],"coordinates":[[8200,35030],[8208,34870],[8264,34866]],"size":[1,1,54],"rotations":[0,0,0],"colors":[14474976]},{"id":14675,"name":"Skeleton","type":10,"category":0,"actions":[],"coordinates":[[8202,35026],[8224,34984]],"size":[2,1,56],"rotations":[0,1],"colors":[14474976,11185077]},{"id":14673,"name":"Skeleton","type":10,"category":0,"actions":[],"coordinates":[[8204,34990],[8216,34970],[8244,34978]],"size":[1,1,67],"rotations":[0,0,0],"colors":[14474976]},{"id":1568,"name":"Gate","type":0,"category":0,"actions":["Open"],"coordinates":[[8204,34962]],"size":[1,1,240],"rotations":[0],"colors":[11185077,4390912,6381927,11185077,6381927,4390912]},{"id":14674,"name":"Skeleton","type":10,"category":0,"actions":[],"coordinates":[[8208,34974],[8224,34990],[8240,34970]],"size":[1,1,99],"rotations":[0,0,0],"colors":[14474976]},{"id":1569,"name":"Gate","type":0,"category":0,"actions":["Open"],"coordinates":[[8208,34962]],"size":[1,1,240],"rotations":[0],"colors":[11185077,4390912,6381927,11185077,6381927,4390912]},{"id":14666,"name":"Tree","type":10,"category":0,"actions":[],"coordinates":[[8232,34858]],"size":[1,1,166],"rotations":[0],"colors":[1076076,1073762,2586745]},{"id":14677,"name":"Bones","type":10,"category":0,"actions":[],"coordinates":[[8240,34842],[8280,34842]],"size":[1,1,25],"rotations":[0,0],"colors":[14474976]},{"id":170,"name":"Closed chest","type":10,"category":0,"actions":["Open"],"coordinates":[[8260,34994]],"size":[1,1,128],"rotations":[0],"colors":[2144441,9145493,13254912]},{"id":14917,"name":"Stepping stone","type":10,"category":0,"actions":["Cross"],"coordinates":[[8272,34908]],"size":[1,4,0],"rotations":[0],"colors":[65536]},{"id":1287,"name":"Dead tree","type":10,"category":189,"actions":[],"coordinates":[[8360,34994]],"size":[1,1,289],"rotations":[0],"colors":[1068652,1071989,9437184]},{"id":733,"name":"Web","type":10,"category":0,"actions":["Slash"],"coordinates":[[8364,34994]],"size":[1,1,208],"rotations":[0],"colors":[9437184,9437184]},{"id":1288,"name":"Dead tree","type":10,"category":189,"actions":[],"coordinates":[[8368,34994]],"size":[1,1,289],"rotations":[0],"colors":[1068652,1071989,9437184]},{"id":14682,"name":"Bones","type":10,"category":0,"actions":[],"coordinates":[[8410,34840]],"size":[2,2,47],"rotations":[0],"colors":[14474976]},{"id":14683,"name":"Bones","type":10,"category":0,"actions":[],"coordinates":[[8426,34904]],"size":[2,2,44],"rotations":[0],"colors":[14474976]},{"id":14684,"name":"Bones","type":10,"category":0,"actions":[],"coordinates":[[8434,35004]],"size":[2,2,51],"rotations":[0],"colors":[14474976]}]