[{"id":539,"name":"Curtain","type":0,"category":0,"actions":["Enter"],"coordinates":[[8192,10846],[8196,10902],[8216,10834],[8232,10918]],"size":[1,1,240],"rotations":[0,0,0,0],"colors":[1780378,2109620,1055596,1450109,1781158,4157,1451916,1054297,1454717,10198182,8947856]},{"id":12265,"name":"Cellar stairs","type":10,"category":0,"actions":["Climb"],"coordinates":[[8208,10858]],"size":[1,1,238],"rotations":[0],"colors":[5865615,7838117]},{"id":12282,"name":"Bookcase","type":10,"category":0,"actions":[],"coordinates":[[8216,10866],[8248,10898],[8248,10890]],"size":[1,1,236],"rotations":[0,0,0],"colors":[5992062,6717581,16119799,6721700,4227477,2980238]},{"id":9621,"name":"Chair","type":11,"category":0,"actions":[],"coordinates":[[8220,10838]],"size":[1,1,144],"rotations":[0],"colors":[2974350,2778759]},{"id":17158,"name":"Stool","type":10,"category":0,"actions":[],"coordinates":[[8224,10826]],"size":[1,1,64],"rotations":[0],"colors":[2579065]},{"id":540,"name":"<col=ff9040>Red spice (4)</col>","type":10,"category":0,"actions":[],"coordinates":[[8224,10822]],"size":[1,1,40],"rotations":[0],"colors":[11185077,15724012,15855855,15987441,16119027,5723997]},{"id":24500,"name":"Tar buckets","type":10,"category":0,"actions":[],"coordinates":[[8224,10818]],"size":[1,1,51],"rotations":[0],"colors":[6133168,16460,10000803,10790320,5987170,3177627,65536,1470596,7039858,4013377,7566202]},{"id":5497,"name":"Bed","type":10,"category":0,"actions":[],"coordinates":[[8230,10838]],"size":[1,2,96],"rotations":[1],"colors":[1795482,2582393,6990537,9149864,10073017]},{"id":542,"name":"<col=ff9040>Brown spice (4)</col>","type":10,"category":0,"actions":[],"coordinates":[[8232,10934]],"size":[1,1,40],"rotations":[0],"colors":[11185077,15724012,15855855,15987441,16119027,5723997]},{"id":17150,"name":"Storage shelves","type":10,"category":0,"actions":[],"coordinates":[[8236,10930]],"size":[1,1,224],"rotations":[0],"colors":[2582393,4288637,1071980,5540258,8166573]},{"id":17151,"name":"Shelves","type":10,"category":0,"actions":[],"coordinates":[[8236,10926]],"size":[1,1,224],"rotations":[0],"colors":[2582393,4288637,1071980,5540258,8166573,8034473]},{"id":362,"name":"Barrel","type":10,"category":0,"actions":[],"coordinates":[[8256,10858],[8256,10854],[8276,10838],[8276,10834],[8292,10846],[8292,10842],[8296,10958],[8304,10886],[8308,10886],[8364,10974],[8364,10966],[8368,10858],[8388,10918],[8404,10902],[8416,10994],[8428,10990],[8432,10986],[8440,10910]],"size":[1,1,96],"rotations":[0,0,0,0,0,0,0,0,0,0,0,0,0,0,0,0,0,0],"colors":[4936448,8158597]},{"id":375,"name":"Closed chest","type":10,"category":0,"actions":["Open"],"coordinates":[[8260,10834],[8264,10834]],"size":[1,1,128],"rotations":[0,0],"colors":[2144441,9145493,13254912]},{"id":357,"name":"Crate","type":10,"category":0,"actions":["Search"],"coordinates":[[8264,10858],[8280,10798],[8280,10790],[8304,10814],[8420,10970],[8420,10922],[8424,10970],[8424,10930]],"size":[1,1,80],"rotations":[0,0,0,0,0,0,0,0],"colors":[13254912,4292763]},{"id":358,"name":"Crate","type":10,"category":0,"actions":["Search"],"coordinates":[[8268,10858],[8280,10794],[8420,10966],[8420,10926]],"size":[1,1,160],"rotations":[0,0,0,0],"colors":[13254912]},{"id":356,"name":"Crate","type":10,"category":0,"actions":["Search"],"coordinates":[[8272,10858],[8308,10814]],"size":[1,1,80],"rotations":[0,0],"colors":[13254912]},{"id":1736,"name":"Odd looking wall","type":0,"category":0,"actions":["Push"],"coordinates":[[8280,10850]],"size":[1,1,240],"rotations":[0],"colors":[7039858,6508032,65536]},{"id":1734,"name":"Odd looking wall","type":0,"category":0,"actions":["Push"],"coordinates":[[8280,10846]],"size":[1,1,240],"rotations":[0],"colors":[7039858,6508032,65536]},{"id":666,"name":"Corpse","type":10,"category":0,"actions":[],"coordinates":[[8282,10770]],"size":[2,1,56],"rotations":[0],"colors":[14474976,11185077]},{"id":724,"name":"Standing torch","type":10,"category":0,"actions":[],"coordinates":[[8284,10806],[8284,10774],[8296,10774],[8304,10794],[8304,10774],[8308,10806],[8316,10774],[8320,10798],[8364,10986],[8380,10986],[8380,10970]],"size":[1,1,174],"rotations":[0,0,0,0,0,0,0,0,0,0,0],"colors":[5142142,2965593,5865615,2109620,2992123,3006971]},{"id":654,"name":"null","type":22,"category":1684,"actions":[],"coordinates":[[8284,10774],[8412,10942],[8432,10818]],"size":[1,1,2],"rotations":[0,0,0],"colors":[1451916]},{"id":11190,"name":"Rockslide","type":10,"category":0,"actions":[],"coordinates":[[8290,10876],[8294,10940],[8334,10800],[8366,10936],[8374,10856],[8410,10916],[8422,10800]],"size":[2,2,87],"rotations":[0,0,0,0,0,0,0],"colors":[5540258]},{"id":11193,"name":"Rockslide","type":10,"category":0,"actions":[],"coordinates":[[8290,10868],[8314,10888],[8410,10924],[8414,10800],[8422,10808],[8422,10792]],"size":[2,2,43],"rotations":[0,0,0,0,0,0],"colors":[5540258]},{"id":647,"name":"Rack","type":10,"category":0,"actions":[],"coordinates":[[8290,10778],[8310,10778]],"size":[3,2,148],"rotations":[3,3],"colors":[4936448,1065314,10790320,7039858,7566202]},{"id":17385,"name":"Ladder","type":10,"category":0,"actions":["Climb-up"],"coordinates":[[8292,10962]],"size":[1,1,264],"rotations":[0],"colors":[4290715,2130612,4936448,16711422]},{"id":653,"name":"null","type":22,"category":1684,"actions":[],"coordinates":[[8292,10782],[8296,10778],[8304,10782],[8304,10778],[8308,10774],[8308,10770],[8336,10790],[8340,10790],[8344,10794],[8408,10942],[8428,10818],[8428,10814],[8432,10814],[8436,10818],[8436,10814]],"size":[1,1,2],"rotations":[0,0,0,0,0,0,0,0,0,0,0,0,0,0,0],"colors":[1451916]},{"id":668,"name":"Pile of skulls","type":10,"category":0,"actions":[],"coordinates":[[8296,10962],[8388,10906]],"size":[1,1,46],"rotations":[0,0],"colors":[16316664,65536]},{"id":1569,"name":"Gate","type":0,"category":0,"actions":["Open"],"coordinates":[[8316,10794]],"size":[1,1,240],"rotations":[0],"colors":[11185077,4390912,6381927,11185077,6381927,4390912]},{"id":1568,"name":"Gate","type":0,"category":0,"actions":["Open"],"coordinates":[[8316,10790]],"size":[1,1,240],"rotations":[0],"colors":[11185077,4390912,6381927,11185077,6381927,4390912]},{"id":1171,"name":"Fungus","type":10,"category":0,"actions":[],"coordinates":[[8320,10802],[8324,10798],[8328,10802],[8392,10862],[8396,10854]],"size":[1,1,50],"rotations":[0,0,0,0,0],"colors":[7128316,12703721,9883382]},{"id":11192,"name":"Rockslide","type":10,"category":0,"actions":[],"coordinates":[[8330,10896],[8342,10800],[8346,10896],[8366,10944],[8374,10936]],"size":[2,2,43],"rotations":[0,0,0,0,0],"colors":[5540258]},{"id":11191,"name":"Rockslide","type":10,"category":0,"actions":[],"coordinates":[[8338,10896],[8398,10864]],"size":[2,2,87],"rotations":[0,0],"colors":[5540258]},{"id":12576,"name":"Stalagmite","type":10,"category":0,"actions":[],"coordinates":[[8364,11006],[8364,10998],[8368,11002],[8416,10770],[8420,10778]],"size":[1,1,168],"rotations":[0,0,0,0,0],"colors":[3307680]},{"id":12575,"name":"Stalagmite","type":10,"category":0,"actions":[],"coordinates":[[8364,11002],[8376,10998]],"size":[1,1,289],"rotations":[0,0],"colors":[3307680]},{"id":364,"name":"Barrel","type":10,"category":0,"actions":[],"coordinates":[[8364,10970],[8388,10914]],"size":[1,1,96],"rotations":[0,0],"colors":[10000803,11711164,4936448,8158597]},{"id":697,"name":"Animal skull","type":11,"category":0,"actions":[],"coordinates":[[8400,10870],[8400,10858]],"size":[1,1,71],"rotations":[0,0],"colors":[65536,15988213]},{"id":11431,"name":"Rockslide","type":10,"category":0,"actions":[],"coordinates":[[8406,10988]],"size":[2,2,43],"rotations":[0],"colors":[5540258]},{"id":652,"name":"null","type":22,"category":1684,"actions":[],"coordinates":[[8404,10942],[8408,10938],[8416,10942]],"size":[1,1,2],"rotations":[0,0,0],"colors":[1451916]},{"id":714,"name":"Fire remains","type":10,"category":0,"actions":[],"coordinates":[[8404,10906]],"size":[1,1,123],"rotations":[0],"colors":[11185077,9605787,7566202,9145493,7039858,10791600,9146517]},{"id":365,"name":"Sacks","type":10,"category":220,"actions":["Search"],"coordinates":[[8404,10898]],"size":[1,1,42],"rotations":[0],"colors":[1806508]},{"id":11426,"name":"Rockslide","type":10,"category":0,"actions":[],"coordinates":[[8414,10964],[8430,10976]],"size":[2,2,87],"rotations":[0,0],"colors":[5540258]},{"id":11428,"name":"Rockslide","type":10,"category":0,"actions":[],"coordinates":[[8422,10976]],"size":[2,2,43],"rotations":[0],"colors":[5540258]},{"id":1727,"name":"Gate","type":0,"category":0,"actions":["Open"],"coordinates":[[8428,10762]],"size":[1,1,240],"rotations":[0],"colors":[11185077,4390912,6381927,11185077,6381927,4390912]},{"id":1728,"name":"Gate","type":0,"category":0,"actions":["Open"],"coordinates":[[8432,10762]],"size":[1,1,240],"rotations":[0],"colors":[11185077,4390912,6381927,11185077,6381927,4390912]},{"id":11373,"name":"Mithril rocks","type":10,"category":252,"actions":["Mine"],"coordinates":[[8440,10946]],"size":[1,1,89],"rotations":[0],"colors":[7039858,65536]},{"id":11367,"name":"Coal rocks","type":10,"category":200,"actions":["Mine"],"coordinates":[[8440,10942],[8440,10918]],"size":[1,1,89],"rotations":[0,0],"colors":[7039858,65536]},{"id":11361,"name":"Tin rocks","type":10,"category":198,"actions":["Mine"],"coordinates":[[8440,10914]],"size":[1,1,89],"rotations":[0],"colors":[7039858,65536]},{"id":11366,"name":"Coal rocks","type":10,"category":200,"actions":["Mine"],"coordinates":[[8444,10954]],"size":[1,1,84],"rotations":[0],"colors":[7039858,65536]}]