[{"id":5918,"name":"Gas hole","type":10,"category":0,"actions":[],"coordinates":[[8476,12154],[8520,12270],[8548,12194],[8580,12106],[8616,12270],[8632,12174],[8696,12130]],"size":[1,1,31],"rotations":[0,0,0,0,0,0,0],"colors":[5988962,13806080,5988955,5859147]},{"id":684,"name":"Swamp bubbles","type":10,"category":0,"actions":["Suck"],"coordinates":[[8476,12130]],"size":[1,1,8],"rotations":[0],"colors":[6518859,65536]},{"id":5917,"name":"Gas hole","type":10,"category":0,"actions":[],"coordinates":[[8484,12206],[8484,12114],[8488,12126],[8524,12166],[8532,12222],[8544,12190],[8548,12102],[8560,12274],[8564,12198],[8572,12106],[8584,12102],[8632,12074],[8636,12266],[8636,12126],[8648,12162],[8664,12198]],"size":[1,1,63],"rotations":[0,0,0,0,0,0,0,0,0,0,0,0,0,0,0,0],"colors":[5988962,5988955,5859147,13806080,7256912]},{"id":735,"name":"Swamp bubbles","type":10,"category":0,"actions":[],"coordinates":[[8484,12130],[8488,12122],[8504,12254],[8516,12266],[8520,12258],[8528,12266],[8540,12190],[8548,12186],[8552,12194],[8556,12050],[8560,12054],[8632,12266]],"size":[1,1,8],"rotations":[0,0,0,0,0,0,0,0,0,0,0,0],"colors":[6518859]},{"id":29000,"name":"null","type":10,"category":960,"actions":["Build","Search"],"coordinates":[[8572,12150]],"size":[1,1,0],"rotations":[0],"colors":[]},{"id":33337,"name":"null","type":10,"category":1280,"actions":[],"coordinates":[[8578,12136]],"size":[2,2,0],"rotations":[0],"colors":[]},{"id":5946,"name":"Climbing rope","type":10,"category":0,"actions":["Climb"],"coordinates":[[8580,12142]],"size":[1,1,291],"rotations":[0],"colors":[1073781,1470596,3178133]},{"id":18968,"name":"Climbing rope","type":10,"category":0,"actions":[],"coordinates":[[8580,12142]],"size":[1,1,329],"rotations":[0],"colors":[1073781,1470596]}]