[{"id":2670,"name":"Kharidian cactus (Healthy)","type":10,"category":1632,"actions":["Cut"],"coordinates":[[8520,38282],[8524,38250],[8528,38378],[8536,38206],[8540,38298],[8588,38378],[8604,38294],[8616,38250],[8620,38266],[8624,38222],[8628,38314],[8644,38286],[8660,38250],[8664,38370],[8664,38186],[8680,38278],[8688,38326]],"size":[1,1,148],"rotations":[0,0,0,0,0,0,0,0,0,0,0,0,0,0,0,0,0],"colors":[1475683,1073762]},{"id":1404,"name":"Cactus","type":10,"category":0,"actions":[],"coordinates":[[8534,38272]],"size":[2,2,340],"rotations":[0],"colors":[1475683]},{"id":1405,"name":"Cactus","type":10,"category":0,"actions":[],"coordinates":[[8538,38316],[8550,38324],[8550,38204],[8562,38208],[8610,38384]],"size":[2,2,169],"rotations":[0,0,0,0,0],"colors":[1475712,1073762]},{"id":1123,"name":"Bush","type":10,"category":0,"actions":[],"coordinates":[[8542,38280],[8554,38316],[8622,38384],[8630,38280],[8674,38332]],"size":[2,2,137],"rotations":[0,0,0,0,0],"colors":[4214361]},{"id":10791,"name":"Boulder","type":10,"category":0,"actions":[],"coordinates":[[8550,38280],[8606,38220]],"size":[2,2,53],"rotations":[0,0],"colors":[6178560]},{"id":10790,"name":"Boulder","type":10,"category":0,"actions":[],"coordinates":[[8558,38220],[8622,38288]],"size":[2,2,87],"rotations":[0,0],"colors":[6178560]},{"id":1304,"name":"Tree","type":10,"category":0,"actions":[],"coordinates":[[8562,38276],[8566,38336],[8570,38348],[8582,38348],[8594,38348],[8610,38352],[8614,38344],[8618,38392],[8618,38376],[8630,38384],[8674,38320]],"size":[2,2,295],"rotations":[0,0,0,0,0,0,0,0,0,0,0],"colors":[5935531,5739840,7385454]},{"id":1361,"name":"Tropical tree","type":10,"category":0,"actions":[],"coordinates":[[8580,38274]],"size":[7,7,425],"rotations":[0],"colors":[6397113,1806508,6990537,8434380,6452480]},{"id":1203,"name":"Orchid","type":10,"category":0,"actions":[],"coordinates":[[8568,38282]],"size":[1,1,74],"rotations":[0],"colors":[15987701,13746401,6800754]},{"id":1158,"name":"Potted plant","type":10,"category":0,"actions":[],"coordinates":[[8572,38322],[8572,38314],[8604,38322],[8604,38314]],"size":[1,1,252],"rotations":[0,0,0,0],"colors":[1470596,9480880,1813621]},{"id":583,"name":"Vase","type":10,"category":0,"actions":[],"coordinates":[[8572,38246],[8588,38302]],"size":[1,1,87],"rotations":[0,0],"colors":[6178560,6381927,8214806,9181974,6642237,65536]},{"id":396,"name":"Pots","type":10,"category":0,"actions":[],"coordinates":[[8572,38242]],"size":[1,1,111],"rotations":[0],"colors":[8434380,6726593,6197685]},{"id":610,"name":"Workbench","type":10,"category":154,"actions":[],"coordinates":[[8578,38238]],"size":[2,1,256],"rotations":[2],"colors":[8158597,5723997,9605787,7039858,13254912]},{"id":2700,"name":"Tent door","type":0,"category":0,"actions":["Walk-through"],"coordinates":[[8580,38246]],"size":[1,1,240],"rotations":[0],"colors":[1071989,2116537,1786790,1065049,1071989,2116537,1786790,1065049]},{"id":1102,"name":"Stool","type":10,"category":0,"actions":[],"coordinates":[[8580,38242]],"size":[1,1,64],"rotations":[0],"colors":[2579065]},{"id":1110,"name":"Chair","type":10,"category":0,"actions":[],"coordinates":[[8588,38334]],"size":[1,1,125],"rotations":[0],"colors":[1068642,2142404,9181974]},{"id":2672,"name":"An experimental anvil","type":10,"category":0,"actions":["Use"],"coordinates":[[8588,38238]],"size":[1,1,93],"rotations":[0],"colors":[7566202,5723997]},{"id":1360,"name":"Tropical tree","type":10,"category":0,"actions":[],"coordinates":[[8592,38274]],"size":[1,1,240],"rotations":[0],"colors":[6990537,8434380,2602016]},{"id":356,"name":"Crate","type":10,"category":0,"actions":["Search"],"coordinates":[[8596,38306],[8600,38310]],"size":[1,1,80],"rotations":[0,0],"colors":[13254912]},{"id":18895,"name":"Rockslide","type":10,"category":0,"actions":[],"coordinates":[[8626,38240],[8626,38232],[8634,38228],[8642,38224],[8646,38240],[8650,38228],[8658,38212]],"size":[2,2,43],"rotations":[0,0,0,0,0,0,0],"colors":[5540258]},{"id":1406,"name":"Cactus","type":10,"category":0,"actions":[],"coordinates":[[8630,38372],[8662,38328],[8670,38268]],"size":[2,2,128],"rotations":[0,0,0],"colors":[1812119,12505301]},{"id":7391,"name":"Rolled up rug","type":10,"category":0,"actions":[],"coordinates":[[8628,38262]],"size":[1,1,24],"rotations":[0],"colors":[7567289,1463955,4573405,1795500,2334409,5745101,3511974]},{"id":7393,"name":"Little tent","type":10,"category":0,"actions":[],"coordinates":[[8632,38250]],"size":[1,1,193],"rotations":[0],"colors":[8882876,8893116,2342355,15188890]},{"id":18894,"name":"Rockslide","type":10,"category":0,"actions":[],"coordinates":[[8634,38244],[8642,38232],[8650,38212],[8658,38220]],"size":[2,2,43],"rotations":[0,0,0,0],"colors":[5540258]},{"id":18893,"name":"Rockslide","type":10,"category":0,"actions":[],"coordinates":[[8634,38236]],"size":[2,2,87],"rotations":[0],"colors":[5540258]},{"id":366,"name":"Crate","type":10,"category":0,"actions":["Search"],"coordinates":[[8636,38266]],"size":[1,1,80],"rotations":[0],"colors":[13254912]},{"id":7392,"name":"Rolled up rugs","type":10,"category":0,"actions":[],"coordinates":[[8636,38256]],"size":[1,2,63],"rotations":[2],"colors":[4573405,7567289,4434900,3511974,2109620,4031995,2598885,12853335,13181879,12503253]},{"id":1326,"name":"Tropical tree","type":10,"category":0,"actions":[],"coordinates":[[8644,38306]],"size":[1,1,240],"rotations":[0],"colors":[6990537,8434380,6734238]},{"id":18892,"name":"Rockslide","type":10,"category":0,"actions":[],"coordinates":[[8650,38220]],"size":[2,2,87],"rotations":[0],"colors":[5540258]}]