[{"id":1406,"name":"Cactus","type":10,"category":0,"actions":[],"coordinates":[[8714,38848],[8722,38724],[8830,38700],[8890,38680],[8942,38784]],"size":[2,2,128],"rotations":[0,0,0,0,0],"colors":[1812119,12505301]},{"id":11191,"name":"Rockslide","type":10,"category":0,"actions":[],"coordinates":[[8730,38732]],"size":[2,2,87],"rotations":[0],"colors":[5540258]},{"id":11192,"name":"Rockslide","type":10,"category":0,"actions":[],"coordinates":[[8778,38676]],"size":[2,2,43],"rotations":[0],"colors":[5540258]},{"id":579,"name":"Statue","type":11,"category":0,"actions":[],"coordinates":[[8816,38858],[8816,38822],[8852,38858],[8852,38822]],"size":[1,1,230],"rotations":[0,0,0,0],"colors":[10467776,6178560]},{"id":6538,"name":"Sphinx","type":10,"category":0,"actions":[],"coordinates":[[8828,38788],[8840,38788]],"size":[1,2,113],"rotations":[2,2],"colors":[11719642]},{"id":6547,"name":"Pyramid entrance","type":10,"category":0,"actions":["Open"],"coordinates":[[8832,38834]],"size":[1,1,256],"rotations":[0],"colors":[9287107]},{"id":6481,"name":"Tunnel","type":10,"category":0,"actions":["Enter"],"coordinates":[[8836,38876]],"size":[1,2,132],"rotations":[0],"colors":[11719642,11388363,11848399,10467776,8563893,7839141]},{"id":6497,"name":"Ladder","type":10,"category":0,"actions":["Climb-down"],"coordinates":[[8836,38842]],"size":[1,1,144],"rotations":[0],"colors":[9880796,5937067]},{"id":6545,"name":"Pyramid entrance","type":10,"category":0,"actions":["Open"],"coordinates":[[8836,38834]],"size":[1,1,256],"rotations":[0],"colors":[9287107]},{"id":11190,"name":"Rockslide","type":10,"category":0,"actions":[],"coordinates":[[8942,38792]],"size":[2,2,87],"rotations":[0],"colors":[5540258]}]