[{"id":1396,"name":"Cactus","type":10,"category":0,"actions":[],"coordinates":[[8708,38646],[8720,38586],[8724,38530],[8740,38482],[8756,38506],[8768,38466],[8808,38526],[8840,38410],[8884,38522],[8944,38502]],"size":[1,1,148],"rotations":[0,0,0,0,0,0,0,0,0,0],"colors":[1475683,1073762]},{"id":2670,"name":"Kharidian cactus (Healthy)","type":10,"category":1632,"actions":["Cut"],"coordinates":[[8712,38434],[8720,38446],[8724,38422],[8748,38422],[8868,38514],[8900,38538],[8900,38430],[8944,38478]],"size":[1,1,148],"rotations":[0,0,0,0,0,0,0,0],"colors":[1475683,1073762]},{"id":1403,"name":"Cactus","type":10,"category":0,"actions":[],"coordinates":[[8726,38580],[8782,38424],[8810,38428],[8850,38544],[8898,38588]],"size":[2,2,256],"rotations":[0,0,0,0,0],"colors":[1479542]},{"id":11192,"name":"Rockslide","type":10,"category":0,"actions":[],"coordinates":[[8730,38488],[8790,38492],[8810,38500],[8818,38640],[8902,38500],[8930,38588]],"size":[2,2,43],"rotations":[0,0,0,0,0,0],"colors":[5540258]},{"id":1405,"name":"Cactus","type":10,"category":0,"actions":[],"coordinates":[[8730,38452],[8730,38436],[8742,38556],[8794,38600],[8798,38632],[8918,38440],[8926,38520],[8934,38424],[8938,38548],[8950,38540]],"size":[2,2,169],"rotations":[0,0,0,0,0,0,0,0,0,0],"colors":[1475712,1073762]},{"id":1404,"name":"Cactus","type":10,"category":0,"actions":[],"coordinates":[[8742,38444],[8810,38448],[8834,38632],[8870,38412]],"size":[2,2,340],"rotations":[0,0,0,0],"colors":[1475683]},{"id":1406,"name":"Cactus","type":10,"category":0,"actions":[],"coordinates":[[8758,38536],[8906,38628],[8910,38480]],"size":[2,2,128],"rotations":[0,0,0],"colors":[1812119,12505301]},{"id":11190,"name":"Rockslide","type":10,"category":0,"actions":[],"coordinates":[[8798,38644],[8834,38460],[8870,38456],[8922,38588]],"size":[2,2,87],"rotations":[0,0,0,0],"colors":[5540258]},{"id":1397,"name":"Cactus","type":10,"category":0,"actions":[],"coordinates":[[8796,38586],[8804,38494],[8808,38642],[8844,38446],[8888,38474],[8928,38542]],"size":[1,1,130],"rotations":[0,0,0,0,0,0],"colors":[1475683,1073762,6859152]},{"id":1123,"name":"Bush","type":10,"category":0,"actions":[],"coordinates":[[8798,38556],[8818,38556]],"size":[2,2,137],"rotations":[0,0],"colors":[4214361]},{"id":11191,"name":"Rockslide","type":10,"category":0,"actions":[],"coordinates":[[8810,38636],[8818,38496],[8942,38592]],"size":[2,2,87],"rotations":[0,0,0],"colors":[5540258]},{"id":2671,"name":"Kharidian cactus (Dry)","type":10,"category":0,"actions":[],"coordinates":[[8808,38434],[8816,38430],[8844,38586],[8852,38590],[8868,38634],[8880,38626],[8884,38554]],"size":[1,1,130],"rotations":[0,0,0,0,0,0,0],"colors":[1475683,1073762,6859152]},{"id":11193,"name":"Rockslide","type":10,"category":0,"actions":[],"coordinates":[[8830,38644],[8838,38640],[8910,38584]],"size":[2,2,43],"rotations":[0,0,0],"colors":[5540258]},{"id":1122,"name":"Bush","type":10,"category":0,"actions":[],"coordinates":[[8862,38644],[8914,38596]],"size":[2,2,137],"rotations":[0,0],"colors":[4214361]}]