[{"id":357,"name":"Crate","type":10,"category":0,"actions":["Search"],"coordinates":[[8708,10802],[8708,10794],[8716,10786]],"size":[1,1,80],"rotations":[0,0,0],"colors":[13254912,4292763]},{"id":358,"name":"Crate","type":10,"category":0,"actions":["Search"],"coordinates":[[8708,10798]],"size":[1,1,160],"rotations":[0],"colors":[13254912]},{"id":356,"name":"Crate","type":10,"category":0,"actions":["Search"],"coordinates":[[8708,10790],[8712,10798],[8712,10790]],"size":[1,1,80],"rotations":[0,0,0],"colors":[13254912]},{"id":733,"name":"Web","type":0,"category":0,"actions":["Slash"],"coordinates":[[8744,10838]],"size":[1,1,208],"rotations":[0],"colors":[9437184,9437184]},{"id":660,"name":"Corpse","type":10,"category":0,"actions":[],"coordinates":[[8776,10802],[8792,10846],[8792,10842],[8796,10846],[8796,10842],[8796,10830],[8800,10842],[8836,10874],[8836,10858],[8856,10974],[8884,10982],[8904,10966],[8936,10950],[8940,10954]],"size":[1,1,67],"rotations":[0,0,0,0,0,0,0,0,0,0,0,0,0,0],"colors":[14474976]},{"id":2530,"name":"Barrel","type":10,"category":0,"actions":["Search"],"coordinates":[[8788,10790]],"size":[1,1,96],"rotations":[0],"colors":[4936448,8158597]},{"id":658,"name":"Pile of skulls","type":10,"category":0,"actions":[],"coordinates":[[8792,10830],[8796,10826],[8940,10818]],"size":[1,1,46],"rotations":[0,0,0],"colors":[16316664,65536]},{"id":17432,"name":"Sewer pipe","type":4,"category":0,"actions":["Search"],"coordinates":[[8804,10846]],"size":[1,1,172],"rotations":[0],"colors":[4390912,9145493,10461097,6178560,65536]},{"id":17385,"name":"Ladder","type":10,"category":0,"actions":["Climb-up"],"coordinates":[[8824,10814]],"size":[1,1,264],"rotations":[0],"colors":[4290715,2130612,4936448,16711422]},{"id":1089,"name":"Smashed chair","type":10,"category":0,"actions":[],"coordinates":[[8864,10782],[8868,10762]],"size":[1,1,69],"rotations":[0,0],"colors":[2974350]},{"id":1535,"name":"Door","type":0,"category":0,"actions":["Open"],"coordinates":[[8868,10790],[8884,10766],[8892,10862]],"size":[1,1,240],"rotations":[0,0,0],"colors":[3640494,1800346,4020837,6516344,3309728,1469331,3640494,1800346,4020837,6516344,3309728,1469331]},{"id":1286,"name":"Dead tree","type":10,"category":189,"actions":["Chop down"],"coordinates":[[8892,10762],[8924,10786],[8932,10766]],"size":[1,1,289],"rotations":[0,0,0],"colors":[1068652,1071989]},{"id":422,"name":"Bed","type":10,"category":0,"actions":[],"coordinates":[[8900,10760]],"size":[1,2,22],"rotations":[0],"colors":[15856115,14212317,2578816]}]