[{"id":14738,"name":"Tree","type":10,"category":0,"actions":[],"coordinates":[[8972,34998],[8980,35034],[9008,34982],[9040,34966],[9072,34942],[9112,34954],[9136,34994],[9148,34938],[9156,35010],[9164,35042],[9192,34974],[9196,35022]],"size":[1,1,366],"rotations":[0,0,0,0,0,0,0,0,0,0,0,0],"colors":[4934747,65536,4210764,2960701]},{"id":14681,"name":"Bones","type":10,"category":0,"actions":[],"coordinates":[[8982,34912],[9170,34856]],"size":[2,2,60],"rotations":[0,0],"colors":[14474976]},{"id":14676,"name":"Bones","type":10,"category":0,"actions":[],"coordinates":[[8980,34850],[9180,34858]],"size":[1,1,54],"rotations":[0,0],"colors":[14474976]},{"id":666,"name":"Corpse","type":10,"category":0,"actions":[],"coordinates":[[9004,34904],[9028,34860],[9058,34890]],"size":[2,1,56],"rotations":[3,1,2],"colors":[14474976,11185077]},{"id":14677,"name":"Bones","type":10,"category":0,"actions":[],"coordinates":[[9008,34838],[9160,34850]],"size":[1,1,25],"rotations":[0,0],"colors":[14474976]},{"id":664,"name":"Corpse","type":10,"category":0,"actions":[],"coordinates":[[9020,34874],[9024,34902],[9064,34894],[9088,34894]],"size":[1,1,67],"rotations":[0,0,0,0],"colors":[14474976]},{"id":14680,"name":"Bones","type":10,"category":0,"actions":[],"coordinates":[[9024,34946],[9144,35010],[9168,34866]],"size":[1,1,21],"rotations":[0,0,0],"colors":[14474976]},{"id":665,"name":"Corpse","type":10,"category":0,"actions":[],"coordinates":[[9024,34890],[9048,34878],[9072,34878]],"size":[1,1,99],"rotations":[0,0,0],"colors":[14474976]},{"id":667,"name":"Corpse","type":10,"category":0,"actions":[],"coordinates":[[9048,34884],[9080,34860]],"size":[2,1,99],"rotations":[1,3],"colors":[7566202,10790320,14474976]},{"id":703,"name":"Large bone","type":10,"category":0,"actions":[],"coordinates":[[9056,34874],[9060,34886]],"size":[1,1,20],"rotations":[0,0],"colors":[16316664]},{"id":14678,"name":"Bones","type":10,"category":0,"actions":[],"coordinates":[[9060,34866],[9156,34862]],"size":[1,1,44],"rotations":[0,0],"colors":[14474976]},{"id":14679,"name":"Bones","type":10,"category":0,"actions":[],"coordinates":[[9064,34882],[9160,34878]],"size":[1,1,30],"rotations":[0,0],"colors":[14474976]},{"id":47145,"name":"Signpost","type":10,"category":0,"actions":[],"coordinates":[[9068,35038]],"size":[1,1,168],"rotations":[0],"colors":[5997972,6525088,7039858,4947600,7566202,12899545,9348780]},{"id":47140,"name":"Cave Entrance","type":10,"category":0,"actions":["Enter","Peek","Check-Fee"],"coordinates":[[9076,35028]],"size":[4,5,287],"rotations":[3],"colors":[4934480,4013377,5723997,2763309,5987170,65536,6710892,2960701,4210764,4934747,6381927,4934503,4211033,1054297]},{"id":14687,"name":"Bones","type":10,"category":0,"actions":[],"coordinates":[[9068,34870]],"size":[1,3,176],"rotations":[0],"colors":[14474976]},{"id":14686,"name":"Bones","type":10,"category":0,"actions":[],"coordinates":[[9072,34870]],"size":[1,3,176],"rotations":[2],"colors":[14474976]},{"id":14675,"name":"Skeleton","type":10,"category":0,"actions":[],"coordinates":[[9178,34858]],"size":[2,1,56],"rotations":[0],"colors":[14474976,11185077]},{"id":14674,"name":"Skeleton","type":10,"category":0,"actions":[],"coordinates":[[9180,34846]],"size":[1,1,99],"rotations":[0],"colors":[14474976]}]