[{"id":14565,"name":"Tree","type":10,"category":0,"actions":[],"coordinates":[[8960,35590],[8964,35742],[8976,35602],[9000,35590],[9008,35734]],"size":[1,1,343],"rotations":[0,0,0,0,0],"colors":[1473900,1076311,1076076,2586745]},{"id":14567,"name":"Tree Stump","type":10,"category":0,"actions":[],"coordinates":[[8964,35726],[8976,35682],[8980,35718],[8984,35654],[9100,35590],[9128,35598],[9196,35594]],"size":[1,1,50],"rotations":[0,0,0,0,0,0,0],"colors":[5669001,2974573,6719117,5142142]},{"id":14566,"name":"Tree","type":10,"category":0,"actions":[],"coordinates":[[8968,35606],[8972,35594],[8976,35726],[8984,35590],[8996,35750]],"size":[1,1,254],"rotations":[0,0,0,0,0],"colors":[1076076,1073762,2586745]},{"id":14606,"name":"Bones","type":10,"category":0,"actions":[],"coordinates":[[8996,35802],[9020,35798],[9056,35838]],"size":[1,1,25],"rotations":[0,0,0],"colors":[14474976]},{"id":14609,"name":"Bones","type":10,"category":0,"actions":[],"coordinates":[[9000,35790],[9016,35794],[9060,35830]],"size":[1,1,21],"rotations":[0,0,0],"colors":[14474976]},{"id":14588,"name":"Mushroom","type":10,"category":0,"actions":[],"coordinates":[[9000,35706]],"size":[1,1,208],"rotations":[0],"colors":[5137773,8955030,11723500,10074536]},{"id":14607,"name":"Bones","type":10,"category":0,"actions":[],"coordinates":[[9004,35798],[9020,35790]],"size":[1,1,44],"rotations":[0,0],"colors":[14474976]},{"id":14590,"name":"Mushroom","type":10,"category":0,"actions":[],"coordinates":[[9008,35674]],"size":[1,1,131],"rotations":[0],"colors":[7834257,10790320,13097680]},{"id":14608,"name":"Bones","type":10,"category":0,"actions":[],"coordinates":[[9012,35802],[9052,35826]],"size":[1,1,30],"rotations":[0,0],"colors":[14474976]},{"id":14589,"name":"Mushroom","type":10,"category":0,"actions":[],"coordinates":[[9016,35686]],"size":[1,1,109],"rotations":[0],"colors":[6518648,10791600,11459010,5137773]},{"id":14603,"name":"Skeleton","type":10,"category":0,"actions":[],"coordinates":[[9020,35802],[9060,35810]],"size":[1,1,99],"rotations":[0,0],"colors":[14474976]},{"id":14573,"name":"Skeleton","type":10,"category":0,"actions":[],"coordinates":[[9020,35722]],"size":[1,1,67],"rotations":[0],"colors":[14474976]},{"id":14621,"name":"Mushroom","type":10,"category":0,"actions":[],"coordinates":[[9028,35802]],"size":[1,1,142],"rotations":[0],"colors":[10003107,13687776,3176341]},{"id":34831,"name":"null","type":10,"category":1320,"actions":[],"coordinates":[[9028,35794]],"size":[1,1,0],"rotations":[0],"colors":[]},{"id":14738,"name":"Tree","type":10,"category":0,"actions":[],"coordinates":[[9036,35638],[9044,35798],[9048,35750],[9056,35778],[9056,35686],[9072,35806],[9072,35750],[9084,35698],[9092,35654],[9100,35638],[9136,35830],[9152,35634],[9164,35802],[9172,35638],[9184,35794]],"size":[1,1,366],"rotations":[0,0,0,0,0,0,0,0,0,0,0,0,0,0,0],"colors":[4934747,65536,4210764,2960701]},{"id":14582,"name":"Bones","type":10,"category":0,"actions":[],"coordinates":[[9046,35668]],"size":[2,2,47],"rotations":[0],"colors":[14474976]},{"id":666,"name":"Corpse","type":10,"category":0,"actions":[],"coordinates":[[9054,35814]],"size":[2,1,56],"rotations":[2],"colors":[14474976,11185077]},{"id":14602,"name":"Skeleton","type":10,"category":0,"actions":[],"coordinates":[[9064,35806],[9068,35826]],"size":[1,1,67],"rotations":[0,0],"colors":[14474976]},{"id":9000,"name":"Young tree","type":10,"category":0,"actions":["Set-trap"],"coordinates":[[9080,35754],[9080,35742],[9084,35722],[9088,35766],[9096,35734],[9100,35750]],"size":[1,1,279],"rotations":[0,0,0,0,0,0],"colors":[4946320]},{"id":14579,"name":"Bones","type":10,"category":0,"actions":[],"coordinates":[[9108,35718]],"size":[1,1,30],"rotations":[0],"colors":[14474976]},{"id":14585,"name":"Bones","type":10,"category":0,"actions":[],"coordinates":[[9174,35672]],"size":[2,2,65],"rotations":[0],"colors":[14474976]}]