[{"id":1406,"name":"Cactus","type":10,"category":0,"actions":[],"coordinates":[[8974,38524],[9018,38432],[9066,38560],[9106,38416]],"size":[2,2,128],"rotations":[0,0,0,0],"colors":[1812119,12505301]},{"id":1405,"name":"Cactus","type":10,"category":0,"actions":[],"coordinates":[[8986,38600],[8994,38588],[9150,38608]],"size":[2,2,169],"rotations":[0,0,0],"colors":[1475712,1073762]},{"id":2670,"name":"Kharidian cactus (Healthy)","type":10,"category":1632,"actions":["Cut"],"coordinates":[[8984,38506],[8996,38618],[9060,38594],[9092,38534],[9164,38562]],"size":[1,1,148],"rotations":[0,0,0,0,0],"colors":[1475683,1073762]},{"id":1123,"name":"Bush","type":10,"category":0,"actions":[],"coordinates":[[9006,38556],[9054,38424],[9122,38540],[9202,38448]],"size":[2,2,137],"rotations":[0,0,0,0],"colors":[4214361]},{"id":1396,"name":"Cactus","type":10,"category":0,"actions":[],"coordinates":[[9040,38518],[9068,38586],[9080,38594],[9136,38562]],"size":[1,1,148],"rotations":[0,0,0,0],"colors":[1475683,1073762]},{"id":1403,"name":"Cactus","type":10,"category":0,"actions":[],"coordinates":[[9058,38512],[9070,38596]],"size":[2,2,256],"rotations":[0,0],"colors":[1479542]},{"id":6279,"name":"Smokey well","type":11,"category":0,"actions":["Climb-down","Smoke"],"coordinates":[[9144,38582]],"size":[1,1,203],"rotations":[0],"colors":[7566202,2775909,65536,9289155,8082944,1073781,1470596]}]