[{"id":29789,"name":"Passage","type":10,"category":1000,"actions":["Enter"],"coordinates":[[8968,29376],[8968,29248],[9150,29322],[9150,29194]],"size":[3,2,433],"rotations":[0,2,3,3],"colors":[4017152,7239767,5924157,8291950,5003565]},{"id":29811,"name":"Carved head","type":10,"category":0,"actions":[],"coordinates":[[9036,29398]],"size":[3,3,357],"rotations":[0],"colors":[7765095,8291950,5003565,7239767,6516046]},{"id":29794,"name":"Large Crystal","type":10,"category":0,"actions":[],"coordinates":[[9102,29324]],"size":[2,2,231],"rotations":[0],"colors":[3013579,6018483,2345378,3781514]}]