[{"id":1406,"name":"Cactus","type":10,"category":0,"actions":[],"coordinates":[[9230,38800],[9290,38872],[9358,38744],[9386,38832],[9422,38888],[9438,38684]],"size":[2,2,128],"rotations":[0,0,0,0,0,0],"colors":[1812119,12505301]},{"id":7393,"name":"Little tent","type":10,"category":0,"actions":[],"coordinates":[[9288,38662]],"size":[1,1,193],"rotations":[0],"colors":[8882876,8893116,2342355,15188890]},{"id":2670,"name":"Kharidian cactus (Healthy)","type":10,"category":1632,"actions":["Cut"],"coordinates":[[9296,38770],[9372,38738]],"size":[1,1,148],"rotations":[0,0],"colors":[1475683,1073762]},{"id":7392,"name":"Rolled up rugs","type":10,"category":0,"actions":[],"coordinates":[[9298,38666]],"size":[1,2,63],"rotations":[3],"colors":[4573405,7567289,4434900,3511974,2109620,4031995,2598885,12853335,13181879,12503253]},{"id":7391,"name":"Rolled up rug","type":10,"category":0,"actions":[],"coordinates":[[9300,38658]],"size":[1,1,24],"rotations":[0],"colors":[7567289,1463955,4573405,1795500,2334409,5745101,3511974]},{"id":366,"name":"Crate","type":10,"category":0,"actions":["Search"],"coordinates":[[9304,38662]],"size":[1,1,80],"rotations":[0],"colors":[13254912]},{"id":44014,"name":"Flower","type":11,"category":0,"actions":[],"coordinates":[[9312,38722],[9316,38718]],"size":[1,1,94],"rotations":[0,0],"colors":[8099195,16119027,14605005]},{"id":43988,"name":"Stepping stone","type":22,"category":0,"actions":["Cross"],"coordinates":[[9316,38738]],"size":[1,1,132],"rotations":[0],"colors":[1071980,1068642,2582393,15592682,65536]},{"id":10416,"name":"Crevice","type":22,"category":0,"actions":["Climb-down"],"coordinates":[[9396,38822],[9396,38818],[9396,38814],[9396,38810],[9396,38806],[9396,38802],[9400,38814],[9400,38810],[9400,38806]],"size":[1,1,0],"rotations":[0,0,0,0,0,0,0,0,0],"colors":[65536]}]