[{"id":1406,"name":"Cactus","type":10,"category":0,"actions":[],"coordinates":[[9486,38624]],"size":[2,2,128],"rotations":[0],"colors":[1812119,12505301]},{"id":11190,"name":"Rockslide","type":10,"category":0,"actions":[],"coordinates":[[9490,38416],[9534,38452],[9670,38620]],"size":[2,2,87],"rotations":[0,0,0],"colors":[5540258]},{"id":11191,"name":"Rockslide","type":10,"category":0,"actions":[],"coordinates":[[9598,38496],[9702,38428]],"size":[2,2,87],"rotations":[0,0],"colors":[5540258]},{"id":11192,"name":"Rockslide","type":10,"category":0,"actions":[],"coordinates":[[9602,38560],[9650,38444]],"size":[2,2,43],"rotations":[0,0],"colors":[5540258]},{"id":11193,"name":"Rockslide","type":10,"category":0,"actions":[],"coordinates":[[9694,38552]],"size":[2,2,43],"rotations":[0],"colors":[5540258]}]