[{"id":19395,"name":"Cactus","type":10,"category":0,"actions":["Inspect"],"coordinates":[[9474,37980]],"size":[2,2,128],"rotations":[0],"colors":[1812119,12505301]},{"id":19430,"name":"Disturbed sand","type":22,"category":0,"actions":["Search","Attack"],"coordinates":[[9476,37942],[9504,37974],[9524,37934],[9532,37946],[9548,37998],[9560,37946]],"size":[1,1,87],"rotations":[0,0,0,0,0,0],"colors":[2972269,2972269]},{"id":19388,"name":"Cactus","type":10,"category":0,"actions":["Inspect"],"coordinates":[[9478,37912]],"size":[2,2,128],"rotations":[0],"colors":[1812119,12505301]},{"id":1405,"name":"Cactus","type":10,"category":0,"actions":[],"coordinates":[[9486,38072],[9538,38084],[9546,38092],[9546,38060],[9594,38132],[9646,37924],[9686,38100]],"size":[2,2,169],"rotations":[0,0,0,0,0,0,0],"colors":[1475712,1073762]},{"id":19552,"name":"Burrow","type":11,"category":0,"actions":["Inspect"],"coordinates":[[9488,38006]],"size":[1,1,178],"rotations":[0],"colors":[11393507,9555675,1473932,4428448,6400697,8174537]},{"id":19391,"name":"Cactus","type":10,"category":0,"actions":["Inspect"],"coordinates":[[9490,37944]],"size":[2,2,169],"rotations":[0],"colors":[1475712,1073762]},{"id":2670,"name":"Kharidian cactus (Healthy)","type":10,"category":1632,"actions":["Cut"],"coordinates":[[9496,37934],[9612,38006],[9696,38026]],"size":[1,1,148],"rotations":[0,0,0],"colors":[1475683,1073762]},{"id":19399,"name":"Cactus","type":10,"category":0,"actions":["Inspect"],"coordinates":[[9502,37984]],"size":[2,2,169],"rotations":[0],"colors":[1475712,1073762]},{"id":19392,"name":"Cactus","type":10,"category":0,"actions":["Inspect"],"coordinates":[[9510,37936]],"size":[2,2,169],"rotations":[0],"colors":[1475712,1073762]},{"id":1404,"name":"Cactus","type":10,"category":0,"actions":[],"coordinates":[[9514,38044],[9522,38048],[9538,38092],[9622,38052]],"size":[2,2,340],"rotations":[0,0,0,0],"colors":[1475683]},{"id":19402,"name":"Rockslide","type":10,"category":0,"actions":["Inspect"],"coordinates":[[9514,38024]],"size":[2,2,87],"rotations":[0],"colors":[5540258]},{"id":19396,"name":"Rockslide","type":10,"category":0,"actions":["Inspect"],"coordinates":[[9514,37964]],"size":[2,2,43],"rotations":[0],"colors":[5540258]},{"id":19526,"name":"Burrow","type":11,"category":0,"actions":["Inspect"],"coordinates":[[9512,37906]],"size":[1,1,178],"rotations":[0],"colors":[11393507,9555675,1473932,4428448,6400697,8174537]},{"id":19400,"name":"Rockslide","type":10,"category":0,"actions":["Inspect"],"coordinates":[[9518,37988]],"size":[2,2,43],"rotations":[0],"colors":[5540258]},{"id":19389,"name":"Cactus","type":10,"category":0,"actions":["Inspect"],"coordinates":[[9518,37924]],"size":[2,2,169],"rotations":[0],"colors":[1475712,1073762]},{"id":8732,"name":"Young tree","type":10,"category":0,"actions":["Set-trap"],"coordinates":[[9516,37898],[9520,38062],[9528,37894],[9532,38078],[9532,38058],[9536,37910],[9548,38106],[9552,38130],[9552,38082],[9560,38118],[9560,38094],[9564,38138]],"size":[1,1,279],"rotations":[0,0,0,0,0,0,0,0,0,0,0,0],"colors":[4419840,4946320]},{"id":1406,"name":"Cactus","type":10,"category":0,"actions":[],"coordinates":[[9522,38040]],"size":[2,2,128],"rotations":[0],"colors":[1812119,12505301]},{"id":19393,"name":"Rockslide","type":10,"category":0,"actions":["Inspect"],"coordinates":[[9526,37940]],"size":[2,2,87],"rotations":[0],"colors":[5540258]},{"id":19401,"name":"Cactus","type":10,"category":0,"actions":["Inspect"],"coordinates":[[9530,37984]],"size":[2,2,169],"rotations":[0],"colors":[1475712,1073762]},{"id":19397,"name":"Rockslide","type":10,"category":0,"actions":["Inspect"],"coordinates":[[9530,37956]],"size":[2,2,43],"rotations":[0],"colors":[5540258]},{"id":19390,"name":"Rockslide","type":10,"category":0,"actions":["Inspect"],"coordinates":[[9538,37916]],"size":[2,2,43],"rotations":[0],"colors":[5540258]},{"id":19394,"name":"Cactus","type":10,"category":0,"actions":["Inspect"],"coordinates":[[9542,37944]],"size":[2,2,169],"rotations":[0],"colors":[1475712,1073762]},{"id":19398,"name":"Cactus","type":10,"category":0,"actions":["Inspect"],"coordinates":[[9550,37972]],"size":[2,2,128],"rotations":[0],"colors":[1812119,12505301]},{"id":11193,"name":"Rockslide","type":10,"category":0,"actions":[],"coordinates":[[9554,38112]],"size":[2,2,43],"rotations":[0],"colors":[5540258]},{"id":1403,"name":"Cactus","type":10,"category":0,"actions":[],"coordinates":[[9630,37964]],"size":[2,2,256],"rotations":[0],"colors":[1479542]}]