[
  {"id":4005,"name":"Dark beast","level":"182","category":0,"minimapdot":true,"actions":["Attack"],"size":[3,3,192],"coordinates":[[3856,31792],[3856,31772],[3864,31824],[3872,31804],[3876,31900],[3880,31840],[3880,31788],[3884,31828],[3888,31772],[3900,31876],[3904,31848],[3984,31792],[3988,31772],[3996,31808],[4000,31784],[4016,31788],[4020,31772],[4032,31800],[4036,31780]],"colors":[2768976,42,5137790,2969197,2343383,4214361,8690593,15068141,4211033,15394272]},
  {"id":1136,"name":"null","level":"1","category":0,"minimapdot":true,"actions":[],"size":[1,1,0],"coordinates":[[3904,31984],[4008,31976]],"colors":[]},
  {"id":1143,"name":"null","level":"1","category":0,"minimapdot":true,"actions":[],"size":[1,1,0],"coordinates":[[3936,31976]],"colors":[]},
  {"id":1117,"name":"null","level":"1","category":332,"minimapdot":true,"actions":[],"size":[1,1,0],"coordinates":[[3992,31964],[4000,31948]],"colors":[]},
  {"id":1148,"name":"null","level":"1","category":0,"minimapdot":true,"actions":[],"size":[1,1,0],"coordinates":[[3996,31980]],"colors":[]},
  {"id":6287,"name":"null","level":"0","category":0,"minimapdot":true,"actions":[],"size":[1,1,0],"coordinates":[[4048,31908]],"colors":[]},
  {"id":9237,"name":"null","level":"1","category":332,"minimapdot":true,"actions":[],"size":[1,1,0],"coordinates":[[4048,31896]],"colors":[]},
  {"id":4267,"name":"null","level":"46","category":1727,"minimapdot":true,"actions":[],"size":[1,1,0],"coordinates":[[4048,31864],[4060,31884]],"colors":[]},
  {"id":9236,"name":"null","level":"108","category":332,"minimapdot":true,"actions":[],"size":[1,1,0],"coordinates":[[4052,31884],[4056,31852],[4068,31876],[4080,31860]],"colors":[]},
  {"id":4262,"name":"null","level":"62","category":1726,"minimapdot":true,"actions":[],"size":[1,1,0],"coordinates":[[4076,31900],[4080,31852]],"colors":[]},
  {"id":9235,"name":"null","level":"1","category":0,"minimapdot":true,"actions":[],"size":[1,1,0],"coordinates":[[4080,31916]],"colors":[]}
]