[
  {"id":5490,"name":"null","level":"1","category":0,"minimapdot":false,"actions":[],"size":[2,2,0],"coordinates":[[4216,32580],[4232,32564],[4252,32548],[4264,32572],[4268,32584]],"colors":[]},
  {"id":5495,"name":"null","level":"1","category":0,"minimapdot":false,"actions":[],"size":[2,2,0],"coordinates":[[4216,32564],[4224,32548],[4244,32576],[4248,32560],[4268,32548]],"colors":[]},
  {"id":5494,"name":"null","level":"1","category":0,"minimapdot":false,"actions":[],"size":[2,2,0],"coordinates":[[4224,32572],[4232,32540],[4236,32580],[4236,32576],[4240,32556],[4256,32572]],"colors":[]},
  {"id":5496,"name":"null","level":"1","category":0,"minimapdot":false,"actions":[],"size":[2,2,0],"coordinates":[[4224,32560],[4240,32568],[4240,32548],[4252,32580],[4260,32564]],"colors":[]},
  {"id":368,"name":"Prison Pete","level":"0","category":0,"minimapdot":true,"actions":["Talk-to"],"size":[1,1,197],"coordinates":[[4276,32564]],"colors":[65536,9877468,9877468,7635341,10461097,14935015,9877468,7039858,14935015,10461097,7039858,11185077,4020855]}
]