[
  {"id":9173,"name":"Fishing spot","level":"0","category":281,"minimapdot":false,"actions":["Cage","Harpoon"],"size":[1,1,21],"coordinates":[[4556,36968],[4564,36932]],"colors":[16119283,9146517]},
  {"id":9171,"name":"Fishing spot","level":"0","category":282,"minimapdot":false,"actions":["Big Net","Harpoon"],"size":[1,1,21],"coordinates":[[4564,36936],[4568,37040]],"colors":[16119283,9146517]},
  {"id":3420,"name":"Rabbit","level":"2","category":739,"minimapdot":true,"actions":["Attack"],"size":[1,1,54],"coordinates":[[4576,36968],[4584,37004]],"colors":[8165293,7835813,7440797,12303812,12633033,11386315,4214361]},
  {"id":1845,"name":"Stag","level":"15","category":0,"minimapdot":true,"actions":["Attack"],"size":[2,2,314],"coordinates":[[4580,36880]],"colors":[9607067,9146517,7639457,7838117,6523808,4214361,8685965,5924205,65536,7639457]},
  {"id":9199,"name":"Bear Cub","level":"0","category":0,"minimapdot":true,"actions":[],"size":[2,2,68],"coordinates":[[4584,36948]],"colors":[5137773,5730424,4020837,4934480,5723997,7635341,8685965,2961497,4172,5132670,4014455,65536,4013377,12506325,42]},
  {"id":1334,"name":"null","level":"1","category":420,"minimapdot":true,"actions":[],"size":[1,1,0],"coordinates":[[4532,37112]],"colors":[]},
  {"id":1331,"name":"null","level":"1","category":420,"minimapdot":true,"actions":[],"size":[1,1,0],"coordinates":[[4532,37108]],"colors":[]}
]