[
  {"id":3420,"name":"Rabbit","level":"2","category":739,"minimapdot":true,"actions":["Attack"],"size":[1,1,54],"coordinates":[[4632,37304],[4636,37312],[4640,37324],[4644,37312],[4648,37304],[4656,37320]],"colors":[8165293,7835813,7440797,12303812,12633033,11386315,4214361]},
  {"id":3421,"name":"Rabbit","level":"2","category":739,"minimapdot":true,"actions":["Attack"],"size":[1,1,54],"coordinates":[[4636,37320]],"colors":[8165293,7835813,7440797,12303812,12633033,11386315,4214361]},
  {"id":3422,"name":"Rabbit","level":"2","category":739,"minimapdot":true,"actions":["Attack"],"size":[1,1,54],"coordinates":[[4640,37308],[4648,37308]],"colors":[8165293,7835813,7440797,12303812,12633033,11386315,4214361]},
  {"id":9242,"name":"null","level":"1","category":1395,"minimapdot":true,"actions":[],"size":[1,1,0],"coordinates":[[4856,37356]],"colors":[]}
]