[
  {"id":3420,"name":"Rabbit","level":"2","category":739,"minimapdot":true,"actions":["Attack"],"size":[1,1,54],"coordinates":[[5096,36896],[5104,36908],[5108,36900],[5112,36896],[5116,36904]],"colors":[8165293,7835813,7440797,12303812,12633033,11386315,4214361]},
  {"id":9012,"name":"null","level":"0","category":0,"minimapdot":false,"actions":[],"size":[1,1,1],"coordinates":[[5100,37116]],"colors":[7239767]},
  {"id":9242,"name":"null","level":"1","category":1395,"minimapdot":true,"actions":[],"size":[1,1,0],"coordinates":[[5100,37112]],"colors":[]},
  {"id":9193,"name":"Lenny","level":"0","category":922,"minimapdot":true,"actions":["Talk-to"],"size":[1,1,201],"coordinates":[[5112,36908]],"colors":[65536,9877468,16330235,2972269,5938859,9877468,9877468,9877468,5938859,9877468,1055596,5867833,11185077,4020855]},
  {"id":9233,"name":"null","level":"11","category":0,"minimapdot":true,"actions":[],"size":[1,1,0],"coordinates":[[5100,37116],[5100,37116]],"colors":[]}
]