[
  {"id":8900,"name":"null","level":"1","category":0,"minimapdot":true,"actions":[],"size":[1,1,0],"coordinates":[[5136,11212]],"colors":[]},
  {"id":8896,"name":"null","level":"1","category":0,"minimapdot":true,"actions":[],"size":[1,1,0],"coordinates":[[5152,11224]],"colors":[]},
  {"id":8820,"name":"null","level":"1","category":0,"minimapdot":true,"actions":[],"size":[1,1,0],"coordinates":[[5152,11172]],"colors":[]},
  {"id":3104,"name":"null","level":"18","category":0,"minimapdot":true,"actions":[],"size":[1,1,0],"coordinates":[[5156,11016],[5164,11024],[5176,11040],[5180,11020],[5192,11044],[5196,11056],[5196,11020],[5208,11036],[5228,11020],[5236,11024],[5240,11016],[5244,11040],[5256,11052],[5256,11024],[5264,11036],[5268,11020],[5272,11068],[5272,11064],[5276,11032],[5284,11024],[5288,11012],[5292,11012],[5296,11056]],"colors":[]},
  {"id":4551,"name":"Niloof","level":"0","category":0,"minimapdot":true,"actions":["Talk-to"],"size":[1,1,155],"coordinates":[[5164,11204]],"colors":[4026512,9877468,65536,4817034,1073516,11185077,4018295,6394267,8158597,3752883,11185077,9877468,4020855,1065049,11711164]},
  {"id":8916,"name":"null","level":"1","category":0,"minimapdot":true,"actions":[],"size":[1,1,0],"coordinates":[[5176,11196]],"colors":[]},
  {"id":8905,"name":"null","level":"1","category":0,"minimapdot":true,"actions":[],"size":[1,1,0],"coordinates":[[5188,11236]],"colors":[]},
  {"id":4552,"name":"Klank","level":"0","category":0,"minimapdot":true,"actions":["Talk-to"],"size":[1,1,155],"coordinates":[[5196,11212]],"colors":[4026512,9877468,65536,4817034,1073516,11185077,4018295,6394267,8158597,3752883,11185077,9877468,4020855]},
  {"id":4553,"name":"Kamen","level":"0","category":0,"minimapdot":true,"actions":["Talk-to"],"size":[1,1,155],"coordinates":[[5204,11232]],"colors":[4026512,65536,9877468,4817034,1073516,11185077,4018295,6394267,8158597,3752883,11185077,9877468,4020855,1065049,11711164]},
  {"id":8909,"name":"null","level":"1","category":0,"minimapdot":true,"actions":[],"size":[1,1,0],"coordinates":[[5216,11244]],"colors":[]},
  {"id":8912,"name":"null","level":"1","category":0,"minimapdot":true,"actions":[],"size":[1,1,0],"coordinates":[[5216,11216]],"colors":[]}
]