[
  {"id":2020,"name":"null","level":"0","category":0,"minimapdot":true,"actions":[],"size":[1,1,0],"coordinates":[[5472,10868]],"colors":[]},
  {"id":2021,"name":"null","level":"0","category":0,"minimapdot":true,"actions":[],"size":[1,1,0],"coordinates":[[5472,10848]],"colors":[]},
  {"id":5284,"name":"Bonzara","level":"0","category":396,"minimapdot":true,"actions":["Talk-to"],"size":[1,1,93],"coordinates":[[5564,10788]],"colors":[6381927,6201525,13359069,7829905,6381927,6201525,65536,13359069]}
]