[
  {"id":1339,"name":"Seagull","level":"3","category":0,"minimapdot":true,"actions":["Attack"],"size":[1,1,44],"coordinates":[[6160,39008],[6168,38984],[6216,38980],[6200,39020],[6212,39000],[6220,39048],[6228,39024]],"colors":[7578041,6397113,13752023,4035266,14475488,6204637,15132904,2328782,65536,10661036,9871263,7831166,6712428]},
  {"id":7994,"name":"null","level":"0","category":249,"minimapdot":true,"actions":[],"size":[1,1,0],"coordinates":[[6180,38964]],"colors":[]},
  {"id":1262,"name":"Ram","level":"2","category":1319,"minimapdot":true,"actions":["Attack"],"size":[1,1,95],"coordinates":[[6208,38956]],"colors":[65536,7039858,13882329,14606050,16711422,15856115,16448250,14935015,65536,8684685,7039858,8158597,7566202,2136772,6381927,8290457,5142142,5669001,6719117,8493213]},
  {"id":7960,"name":"null","level":"0","category":922,"minimapdot":true,"actions":[],"size":[1,1,0],"coordinates":[[6248,38960]],"colors":[]},
  {"id":1334,"name":"null","level":"1","category":420,"minimapdot":true,"actions":[],"size":[1,1,0],"coordinates":[[6252,39024]],"colors":[]},
  {"id":1331,"name":"null","level":"1","category":420,"minimapdot":true,"actions":[],"size":[1,1,0],"coordinates":[[6260,39024]],"colors":[]}
]