[
  {"id":6181,"name":"null","level":"1","category":548,"minimapdot":true,"actions":[],"size":[1,1,0],"coordinates":[[6144,36872],[6148,36876],[6148,36868]],"colors":[]},
  {"id":520,"name":"Chaos druid","level":"13","category":0,"minimapdot":true,"actions":["Attack"],"size":[1,1,198],"coordinates":[[6148,37008],[6148,37000],[6156,37008],[6156,36996]],"colors":[65536,9877468,2972269,11185077,4020855,2972269,9877468,5938859,9877468,5938859,9877468,12234671,5867833,65536,1055596]},
  {"id":1509,"name":"Rod Fishing spot","level":"0","category":280,"minimapdot":false,"actions":["Lure","Bait"],"size":[1,1,21],"coordinates":[[6148,36932],[6168,36948]],"colors":[16119283,9146517]},
  {"id":9392,"name":"null","level":"0","category":0,"minimapdot":true,"actions":[],"size":[1,1,0],"coordinates":[[6172,36892]],"colors":[]},
  {"id":6204,"name":"null","level":"0","category":0,"minimapdot":true,"actions":[],"size":[1,1,0],"coordinates":[[6176,37092]],"colors":[]},
  {"id":3260,"name":"Warrior","level":"24","category":1728,"minimapdot":true,"actions":["Attack","Pickpocket"],"size":[1,1,193],"coordinates":[[6180,36880],[6192,36896],[6192,36876],[6204,36892]],"colors":[9877468,2972269,65536,9145493,7039858,4934480,11185077,9877468,12234671,9877468,9145493,11185077,10790320,4020855,11185077,3013115,11185077,1071989,10790320,9877468]},
  {"id":4249,"name":"Alrena","level":"0","category":0,"minimapdot":true,"actions":["Talk-to"],"size":[1,1,193],"coordinates":[[6196,37096]],"colors":[9877468,2972269,65536,4020855,5938859,9877468,5938859,12234671,9877468,1055596,5867833,65536,4288637,1781932,3013115,1464957,1803286,8684685,3203111,9877468]},
  {"id":5301,"name":"null","level":"1","category":0,"minimapdot":true,"actions":[],"size":[1,1,0],"coordinates":[[6232,37112]],"colors":[]},
  {"id":6705,"name":"null","level":"665","category":885,"minimapdot":true,"actions":[],"size":[1,1,0],"coordinates":[[6256,37064],[6356,37064]],"colors":[]},
  {"id":2011,"name":"null","level":"1","category":0,"minimapdot":true,"actions":[],"size":[1,1,0],"coordinates":[[6272,37084]],"colors":[]},
  {"id":3985,"name":"Farmer Brumty","level":"0","category":0,"minimapdot":true,"actions":["Talk-to"],"size":[1,1,197],"coordinates":[[6276,36996]],"colors":[65536,9877468,2972269,6712428,12937831,2972269,5938859,9877468,9877468,5938859,9877468,12234671,1055596,5867833,9877468,11185077,4020855]},
  {"id":3993,"name":"null","level":"1","category":549,"minimapdot":true,"actions":[],"size":[1,1,0],"coordinates":[[6288,36992]],"colors":[]},
  {"id":3992,"name":"null","level":"1","category":549,"minimapdot":true,"actions":[],"size":[1,1,0],"coordinates":[[6292,36988]],"colors":[]},
  {"id":3990,"name":"null","level":"1","category":549,"minimapdot":true,"actions":[],"size":[1,1,0],"coordinates":[[6292,36980]],"colors":[]},
  {"id":3991,"name":"null","level":"1","category":549,"minimapdot":true,"actions":[],"size":[1,1,0],"coordinates":[[6296,36984]],"colors":[]},
  {"id":6179,"name":"null","level":"1","category":548,"minimapdot":true,"actions":[],"size":[1,1,0],"coordinates":[[6340,37052],[6344,37056],[6344,37048]],"colors":[]},
  {"id":6182,"name":"null","level":"1","category":548,"minimapdot":true,"actions":[],"size":[1,1,0],"coordinates":[[6344,36864],[6348,36868],[6352,36864]],"colors":[]},
  {"id":6523,"name":"null","level":"1","category":249,"minimapdot":true,"actions":[],"size":[1,1,0],"coordinates":[[6364,37108]],"colors":[]},
  {"id":1618,"name":"Banker","level":"0","category":249,"minimapdot":true,"actions":["Talk-to","Bank","Collect"],"size":[1,1,193],"coordinates":[[6376,37108],[6380,37108]],"colors":[9877468,2972269,65536,5938859,9877468,5938859,1073781,12234671,9877468,5867833,1073762,4020855,11185077,9877468,2110911,15527919]},
  {"id":6180,"name":"null","level":"1","category":548,"minimapdot":true,"actions":[],"size":[1,1,0],"coordinates":[[6388,36960],[6392,36964],[6396,36960]],"colors":[]}
]