[
  {"id":5499,"name":"null","level":"3","category":269,"minimapdot":true,"actions":["Kill"],"size":[1,1,0],"coordinates":[[6292,31312],[6296,31332],[6324,31320]],"colors":[]},
  {"id":5498,"name":"null","level":"3","category":269,"minimapdot":true,"actions":["Kill"],"size":[1,1,0],"coordinates":[[6296,31320],[6328,31316],[6336,31340]],"colors":[]},
  {"id":5497,"name":"null","level":"3","category":269,"minimapdot":true,"actions":["Kill"],"size":[1,1,0],"coordinates":[[6300,31340],[6316,31332],[6344,31332]],"colors":[]},
  {"id":372,"name":"Freaky Forester","level":"0","category":0,"minimapdot":true,"actions":["Talk-to"],"size":[1,1,197],"coordinates":[[6300,31328]],"colors":[65536,9877468,2972269,2972269,9877468,5938859,5938859,9877468,12234671,2125241,1464957,9877468,16119287,4020855,1464957,2125241,1464957,2125241,14740202,3773881]},
  {"id":5501,"name":"null","level":"3","category":269,"minimapdot":true,"actions":["Kill"],"size":[1,1,0],"coordinates":[[6304,31320],[6316,31352],[6332,31328]],"colors":[]}
]