[
  {"id":856,"name":"Crusher","level":"0","category":0,"minimapdot":true,"actions":[],"size":[1,1,153],"coordinates":[[6420,34216],[6436,34216]],"colors":[15394272,14868691,14539193,14666912]},
  {"id":857,"name":"Crusher","level":"0","category":0,"minimapdot":true,"actions":[],"size":[1,1,153],"coordinates":[[6424,34204],[6432,34204]],"colors":[15394272,14868691,14539193,14666912]},
  {"id":858,"name":"Crusher","level":"0","category":0,"minimapdot":true,"actions":[],"size":[1,1,153],"coordinates":[[6428,34216]],"colors":[15394272,14868691,14539193,14666912]},
  {"id":859,"name":"Crusher","level":"0","category":0,"minimapdot":true,"actions":[],"size":[1,1,153],"coordinates":[[6440,34204]],"colors":[15394272,14868691,14539193,14666912]}
]