[
  {"id":1173,"name":"Chicken","level":"1","category":444,"minimapdot":true,"actions":["Attack"],"size":[1,1,128],"coordinates":[[6668,37336],[6684,37332]],"colors":[10141136,4705505,11192279,10666452,2109620,5730424,2110916,6674155]},
  {"id":1174,"name":"Chicken","level":"1","category":444,"minimapdot":true,"actions":["Attack"],"size":[1,1,128],"coordinates":[[6668,37320],[6672,37344]],"colors":[10141136,4705505,11192279,10666452,2109620,5730424,2110916,6674155]},
  {"id":6249,"name":"null","level":"1","category":0,"minimapdot":true,"actions":["Talk-to"],"size":[1,1,0],"coordinates":[[6728,37288],[6772,37272],[6840,37292]],"colors":[]},
  {"id":5064,"name":"null","level":"1","category":0,"minimapdot":true,"actions":[],"size":[1,1,0],"coordinates":[[6744,37296]],"colors":[]},
  {"id":6243,"name":"null","level":"1","category":0,"minimapdot":true,"actions":["Talk-to"],"size":[1,1,0],"coordinates":[[6748,37260]],"colors":[]},
  {"id":6245,"name":"null","level":"1","category":0,"minimapdot":true,"actions":["Talk-to"],"size":[1,1,0],"coordinates":[[6764,37316],[6788,37260]],"colors":[]},
  {"id":6248,"name":"null","level":"1","category":0,"minimapdot":true,"actions":["Talk-to"],"size":[1,1,0],"coordinates":[[6768,37316],[6792,37260]],"colors":[]},
  {"id":6246,"name":"null","level":"1","category":0,"minimapdot":true,"actions":["Talk-to"],"size":[1,1,0],"coordinates":[[6768,37272],[6836,37292]],"colors":[]},
  {"id":5067,"name":"Caroline","level":"0","category":0,"minimapdot":true,"actions":["Talk-to"],"size":[1,1,193],"coordinates":[[6768,37220]],"colors":[9877468,2972269,65536,9877468,5938859,7039858,5992062,5938859,9877468,1055596,5867833,65536,4020855,11185077,9877468]},
  {"id":6252,"name":"null","level":"1","category":0,"minimapdot":true,"actions":[],"size":[1,1,0],"coordinates":[[6780,37212]],"colors":[]},
  {"id":5071,"name":"null","level":"1","category":0,"minimapdot":true,"actions":[],"size":[1,1,0],"coordinates":[[6784,37204]],"colors":[]},
  {"id":6244,"name":"null","level":"1","category":0,"minimapdot":true,"actions":["Talk-to"],"size":[1,1,0],"coordinates":[[6792,37296]],"colors":[]},
  {"id":6247,"name":"null","level":"1","category":0,"minimapdot":true,"actions":["Talk-to"],"size":[1,1,0],"coordinates":[[6816,37332],[6852,37228]],"colors":[]},
  {"id":6250,"name":"null","level":"1","category":0,"minimapdot":true,"actions":["Talk-to"],"size":[1,1,0],"coordinates":[[6820,37332]],"colors":[]},
  {"id":4789,"name":"Ezekial Lovecraft","level":"0","category":0,"minimapdot":true,"actions":["Talk-to","Shop"],"size":[1,1,203],"coordinates":[[6832,37268]],"colors":[2583936,7119533,3893105,8759992,8035497,1809000,2588763,7708924,5535940,9149864,7639457,15527407,14935015,13882329,1068633,5994366,7571385,4219797,7048596,65536,9877468,10728133,16579836,5938859,5938859,4296091,9877468,9877468,4283005,6720164,6145753,6400697,6138329]},
  {"id":6242,"name":"null","level":"1","category":0,"minimapdot":true,"actions":[],"size":[1,1,0],"coordinates":[[6864,37188]],"colors":[]}
]