[
  {"id":5242,"name":"Scorpion","level":"38","category":343,"minimapdot":false,"actions":["Attack"],"size":[1,1,59],"coordinates":[[6912,39380],[6948,39216],[6968,39384],[6980,39204],[7008,39372],[7072,39244],[7076,39316],[7120,39240]],"colors":[4934747,2776455,5141141,11596,7442869,5931691]},
  {"id":5241,"name":"Bird","level":"5","category":255,"minimapdot":true,"actions":["Attack"],"size":[1,1,17],"coordinates":[[6916,39412],[6928,39184],[6976,39400],[7020,39192],[7052,39420],[7092,39188],[7156,39400]],"colors":[8428913,9084289,8951163,8101233,7243874,8623483,7902315,7114585,6392393,7243383,10591108,9877148,6001767,9936257,4952154,7175771,9998446,9274470,6339041,4567001,8426603,65536]},
  {"id":5238,"name":"Spider","level":"1","category":384,"minimapdot":false,"actions":["Attack"],"size":[1,1,99],"coordinates":[[6916,39232],[6948,39348],[6972,39252],[6984,39364],[7004,39320],[7024,39264],[7068,39308],[7088,39376],[7096,39260],[7108,39308]],"colors":[7243142,5139565,5988962,6782076,6712428,5732472,2772560]},
  {"id":5252,"name":"Ifaba","level":"0","category":396,"minimapdot":true,"actions":["Talk-to","Trade"],"size":[1,1,93],"coordinates":[[6920,39328]],"colors":[6381927,6201525,8167597,13359069,6381927,6201525,7039858,65536]},
  {"id":5251,"name":"Tutab","level":"0","category":396,"minimapdot":true,"actions":["Talk-to","Trade"],"size":[1,1,93],"coordinates":[[6932,39348]],"colors":[6381927,6201525,6381927,6201525,7039858,65536]},
  {"id":5263,"name":"Padulah","level":"149","category":396,"minimapdot":true,"actions":["Talk-to","Attack"],"size":[1,1,93],"coordinates":[[6932,39276]],"colors":[6381927,6201525,12044241,4009261,5723997,10729669,4009261,65536,6201525,6381927,11185077,13882329,13553364,7119533]},
  {"id":7195,"name":"null","level":"0","category":0,"minimapdot":true,"actions":[],"size":[1,1,0],"coordinates":[[6936,39272],[6972,39324]],"colors":[]},
  {"id":5250,"name":"Daga","level":"0","category":396,"minimapdot":true,"actions":["Talk-to","Trade"],"size":[1,1,93],"coordinates":[[6940,39328]],"colors":[6381927,6201525,8167597,13359069,6381927,6201525,7039858,65536]},
  {"id":5267,"name":"Sleeping Monkey","level":"0","category":396,"minimapdot":true,"actions":["Talk-to"],"size":[1,1,93],"coordinates":[[6944,39344]],"colors":[6381927,6201525,6381927,6201525,7039858,65536,7119533]},
  {"id":5248,"name":"Aberab","level":"0","category":673,"minimapdot":true,"actions":["Talk-to"],"size":[2,2,149],"coordinates":[[6960,39216]],"colors":[6381927,9145493,7039858,8684685,16448250]},
  {"id":5247,"name":"Trefaji","level":"0","category":673,"minimapdot":true,"actions":["Talk-to"],"size":[2,2,149],"coordinates":[[6976,39216]],"colors":[6381927,9145493,7039858,8684685,16448250]},
  {"id":5249,"name":"Solihib","level":"0","category":396,"minimapdot":true,"actions":["Talk-to","Trade"],"size":[1,1,93],"coordinates":[[6980,39272]],"colors":[6381927,6201525,8167597,6381927,6201525,7039858,65536]},
  {"id":7120,"name":"Oobapohk","level":"0","category":396,"minimapdot":true,"actions":["Talk-to","Trade"],"size":[1,1,93],"coordinates":[[7000,39316]],"colors":[6381927,6201525,8167597,13359069,6381927,6201525,7039858,65536]},
  {"id":7183,"name":"null","level":"0","category":0,"minimapdot":true,"actions":[],"size":[1,1,0],"coordinates":[[7004,39244]],"colors":[]},
  {"id":7185,"name":"null","level":"0","category":0,"minimapdot":true,"actions":[],"size":[1,1,0],"coordinates":[[7004,39236]],"colors":[]},
  {"id":7187,"name":"null","level":"0","category":0,"minimapdot":true,"actions":[],"size":[1,1,0],"coordinates":[[7004,39224]],"colors":[]},
  {"id":6765,"name":"null","level":"0","category":250,"minimapdot":true,"actions":[],"size":[1,1,0],"coordinates":[[7028,39300]],"colors":[]},
  {"id":5253,"name":"Hamab","level":"0","category":396,"minimapdot":true,"actions":["Talk-to","Trade"],"size":[1,1,93],"coordinates":[[7028,39256]],"colors":[6381927,6201525,8167597,6381927,8167597,6201525,65536]},
  {"id":7196,"name":"null","level":"0","category":0,"minimapdot":true,"actions":[],"size":[1,1,0],"coordinates":[[7028,39232]],"colors":[]},
  {"id":2975,"name":"Mizaru","level":"0","category":0,"minimapdot":true,"actions":["Talk-to"],"size":[1,1,93],"coordinates":[[7052,39248]],"colors":[12829643,6201525,7831166,2964797,7440797,12045440,10790320,6201525,14935015,14606050,65536,8082944,8434380,6197685]},
  {"id":5275,"name":"Monkey Guard","level":"167","category":673,"minimapdot":true,"actions":["Attack"],"size":[2,2,149],"coordinates":[[7056,39316],[7076,39300],[7076,39272],[7084,39328],[7108,39300],[7108,39272]],"colors":[6381927,13359069,9145493,10790320,7039858,8684685,16448250]},
  {"id":2976,"name":"Kikazaru","level":"0","category":0,"minimapdot":true,"actions":["Talk-to"],"size":[1,1,93],"coordinates":[[7056,39248]],"colors":[12829643,6201525,7831166,2964797,7440797,12045440,10790320,6201525,14935015,14606050,65536,8082944,8434380,6197685]},
  {"id":5244,"name":"Snake","level":"24","category":383,"minimapdot":false,"actions":["Attack"],"size":[1,1,19],"coordinates":[[7060,39396],[7140,39412]],"colors":[8955044,8099221,6457224,4941415,4945784,3741324,1472140,15396333,16711422]},
  {"id":2977,"name":"Iwazaru","level":"0","category":0,"minimapdot":true,"actions":["Talk-to"],"size":[1,1,93],"coordinates":[[7060,39248]],"colors":[12829643,6201525,7831166,2964797,7440797,12045440,10790320,6201525,14935015,14606050,65536,8082944,8434380,6197685]},
  {"id":5277,"name":"Elder Guard","level":"0","category":673,"minimapdot":true,"actions":["Talk-to"],"size":[2,2,149],"coordinates":[[7096,39388]],"colors":[6381927,9145493,7039858,8684685,9605787,16448250]},
  {"id":5278,"name":"Elder Guard","level":"0","category":673,"minimapdot":true,"actions":["Talk-to"],"size":[2,2,149],"coordinates":[[7108,39400]],"colors":[6381927,9145493,7039858,8684685,9605787,16448250]},
  {"id":5265,"name":"Uwogo","level":"0","category":396,"minimapdot":true,"actions":["Talk-to"],"size":[1,1,93],"coordinates":[[7108,39372]],"colors":[6381927,6201525,8167597,13359069,6381927,6201525,65536]},
  {"id":5276,"name":"Monkey Guard","level":"167","category":673,"minimapdot":true,"actions":["Attack"],"size":[2,2,149],"coordinates":[[7116,39288],[7124,39296],[7124,39284]],"colors":[6381927,13359069,9145493,10790320,7039858,8684685,9605787,16448250]},
  {"id":5266,"name":"Muruwoi","level":"0","category":396,"minimapdot":true,"actions":["Talk-to"],"size":[1,1,93],"coordinates":[[7120,39372]],"colors":[6381927,6201525,8167597,13359069,6381927,6201525,65536]},
  {"id":7181,"name":"null","level":"0","category":0,"minimapdot":true,"actions":[],"size":[1,1,0],"coordinates":[[7124,39380]],"colors":[]},
  {"id":5274,"name":"Monkey Archer","level":"86","category":396,"minimapdot":true,"actions":["Attack"],"size":[1,1,93],"coordinates":[[6912,39300],[6920,39316],[6924,39332],[6928,39272],[6940,39404],[6948,39316],[6952,39256],[6964,39312],[6972,39292],[6980,39412],[6984,39332],[6992,39304],[7000,39280],[7004,39404],[7012,39268],[7024,39336],[7044,39356],[7060,39412],[7068,39376]],"colors":[6381927,6201525,12044241,4009261,5723997,10729669,4009261,65536,6201525,6381927,8562613]}
]