[
  {"id":3620,"name":"Mine cart","level":"0","category":0,"minimapdot":false,"actions":[],"size":[1,1,105],"coordinates":[[7028,32580],[7036,32644],[7044,32640],[7044,32604],[7068,32640],[7068,32604],[7076,32644]],"colors":[6381927,9145493,7566202]},
  {"id":3618,"name":"Loading crane","level":"0","category":0,"minimapdot":false,"actions":[],"size":[3,3,473],"coordinates":[[7032,32596],[7052,32644],[7052,32624],[7076,32596]],"colors":[9878223,1802918,6197685,8158597,1464957]},
  {"id":3619,"name":"Innocent-looking key","level":"0","category":0,"minimapdot":false,"actions":["Take"],"size":[1,1,125],"coordinates":[[7056,32608]],"colors":[3003643]}
]